BLOCK,TYPE,TRACK,OFFSET,AREA
14,unmanaged,1,69,0.204575
14,managed,2,69,1.84117
15,unmanaged,4,6,0.7437
15,managed,5,6,6.6933
16,unmanaged,4,6,0.0118866
16,managed,5,6,0.106979
17,unmanaged,9,13,1.65808
18,unmanaged,10,79,0.97137
19,unmanaged,11,7,0.71941
19,managed,12,7,6.4747
20,unmanaged,11,8,0.429846
20,managed,12,8,3.86861
21,unmanaged,11,8,0.102276
21,managed,12,8,0.92048
22,unmanaged,11,8,0.247159
22,managed,12,8,2.22443
23,unmanaged,16,18,0.91866
23,managed,17,18,8.2679
24,unmanaged,16,18,0.0365584
24,managed,17,18,0.329026
25,unmanaged,21,29,0.0450407
25,managed,22,29,0.405366
26,unmanaged,11,7,2.15841
26,managed,12,7,19.4257
27,unmanaged,4,23,0.245392
27,managed,5,23,2.20853
28,unmanaged,4,18,0.497076
28,managed,5,18,4.47368
29,unmanaged,26,44,0.376476
29,managed,27,44,3.38828
30,unmanaged,16,16,0.121601
30,managed,17,16,1.09441
31,unmanaged,26,11,0.183798
31,managed,27,11,1.65418
32,unmanaged,31,79,0.245109
32,managed,32,79,2.20599
33,unmanaged,36,13,5.78
34,unmanaged,37,15,2.00321
35,unmanaged,38,16,2.22033
36,unmanaged,39,84,0.311429
36,managed,40,84,2.80287
37,unmanaged,26,17,0.335023
37,managed,27,17,3.01521
38,unmanaged,44,17,0.316375
38,managed,45,17,2.84738
39,unmanaged,11,10,0.297186
39,managed,12,10,2.67467
40,unmanaged,11,10,0.250776
40,managed,12,10,2.25699
41,unmanaged,4,64,0.085121
41,managed,5,64,0.76609
42,unmanaged,4,8,0.071818
42,managed,5,8,0.64636
43,unmanaged,4,8,0.0423663
43,managed,5,8,0.381296
44,unmanaged,4,59,0.053659
44,managed,5,59,0.482928
45,unmanaged,4,59,0.122149
45,managed,5,59,1.09934
46,unmanaged,16,47,0.190909
46,managed,17,47,1.71818
47,unmanaged,16,47,0.0160391
47,managed,17,47,0.144352
48,unmanaged,49,12,0.053771
48,managed,50,12,0.483943
49,unmanaged,49,12,0.088235
49,managed,50,12,0.79411
50,unmanaged,16,12,0.81172
50,managed,17,12,7.3055
51,unmanaged,21,12,0.464676
51,managed,22,12,4.18209
52,unmanaged,21,7,0.258651
52,managed,22,7,2.32786
53,unmanaged,11,21,0.73457
53,managed,12,21,6.6112
54,unmanaged,4,15,0.070324
54,managed,5,15,0.63291
55,unmanaged,4,15,0.093963
55,managed,5,15,0.84566
56,unmanaged,11,21,0.48602
56,managed,12,21,4.37418
57,unmanaged,1,9,0.91464
57,managed,2,9,8.2318
58,unmanaged,26,13,1.17638
58,managed,27,13,10.5874
59,unmanaged,4,16,0.076951
59,managed,5,16,0.69256
60,unmanaged,11,11,0.298976
60,managed,12,11,2.69078
61,unmanaged,11,11,0.190089
61,managed,12,11,1.7108
62,unmanaged,11,12,0.3504
62,managed,12,12,3.1536
63,unmanaged,11,9,0.89946
63,managed,12,9,8.0952
64,unmanaged,11,9,0.188945
64,managed,12,9,1.70051
65,unmanaged,4,24,0.09092
65,managed,5,24,0.81828
66,unmanaged,4,24,0.131018
66,managed,5,24,1.17916
67,unmanaged,4,24,0.0476449
67,managed,5,24,0.428804
68,unmanaged,4,25,0.0232091
68,managed,5,25,0.208882
69,unmanaged,4,25,0.128784
69,managed,5,25,1.15905
70,unmanaged,4,25,0.0488369
70,managed,5,25,0.439532
71,unmanaged,4,25,0.253962
71,managed,5,25,2.28566
82,unmanaged,52,149,5.4231
83,unmanaged,53,114,0.0409352
83,managed,54,114,0.368417
84,unmanaged,56,154,0.344516
84,managed,57,154,1.37806
85,unmanaged,59,304,3.8952
86,unmanaged,60,149,0.0277675
86,managed,61,149,0.249908
87,unmanaged,63,114,0.337902
87,managed,64,114,3.04112
88,unmanaged,66,74,0.0362261
88,managed,67,74,0.326035
89,unmanaged,66,74,0.066797
89,managed,67,74,0.60117
90,unmanaged,69,74,1.45287
91,unmanaged,70,304,1.09723
91,managed,71,304,4.3889
92,unmanaged,73,114,0.444328
92,managed,74,114,3.99895
93,unmanaged,1,44,0.191847
93,managed,2,44,1.72663
94,unmanaged,11,64,0.130543
94,managed,12,64,1.17489
95,unmanaged,76,69,3.03159
96,unmanaged,77,144,2.34591
97,unmanaged,78,264,7.1104
98,unmanaged,79,304,4.27074
99,unmanaged,80,264,3.01047
100,unmanaged,80,264,1.28671
101,unmanaged,81,114,0.352681
101,managed,82,114,3.17413
102,unmanaged,81,114,0.083545
102,managed,82,114,0.75191
103,unmanaged,1,47,0.188424
103,managed,2,47,1.69582
104,unmanaged,84,74,2.08534
105,unmanaged,85,154,1.97894
105,managed,86,154,7.9158
106,unmanaged,88,304,4.25116
107,unmanaged,89,149,0.0121739
107,managed,90,149,0.109565
108,unmanaged,89,149,0.091459
108,managed,90,149,0.82313
109,unmanaged,89,149,0.057847
109,managed,90,149,0.52062
110,unmanaged,92,254,2.7397
114,unmanaged,93,149,0.156609
114,managed,94,149,0.62643
115,unmanaged,93,149,0.379882
115,managed,94,149,1.51953
116,unmanaged,96,154,0.071371
116,managed,97,154,0.64234
117,unmanaged,99,69,0.5076
117,managed,100,69,2.03038
121,unmanaged,102,149,0.23192
121,managed,103,149,2.08728
122,unmanaged,105,264,0.066006
122,managed,106,264,0.59405
123,unmanaged,108,264,0.294844
123,managed,109,264,2.6536
124,unmanaged,111,264,2.6315
125,unmanaged,111,264,1.24692
126,unmanaged,111,264,0.6264
127,unmanaged,112,304,3.44686
128,unmanaged,113,114,4.53032
129,unmanaged,16,54,0.174147
129,managed,17,54,1.56732
130,unmanaged,1,54,0.075466
130,managed,2,54,0.67919
131,unmanaged,114,304,3.03411
131,managed,115,304,12.1365
132,unmanaged,117,304,7.7606
133,unmanaged,118,244,1.66824
133,managed,119,244,6.673
134,unmanaged,121,304,2.84501
135,unmanaged,122,254,0.81975
135,managed,123,254,3.27898
136,unmanaged,16,54,0.205496
136,managed,17,54,1.84947
137,unmanaged,125,79,0.176782
137,managed,126,79,1.59104
138,unmanaged,128,74,0.129024
138,managed,129,74,1.16122
139,unmanaged,131,119,0.116052
139,managed,132,119,1.04446
140,unmanaged,134,74,1.64799
141,unmanaged,135,304,3.44484
141,managed,136,304,13.7794
142,unmanaged,138,304,2.26304
143,unmanaged,139,149,0.86171
144,unmanaged,140,114,0.21918
144,managed,141,114,1.97262
145,unmanaged,143,129,0.25538
145,managed,144,129,2.29842
146,unmanaged,143,129,0.227395
146,managed,144,129,2.04655
147,unmanaged,146,204,0.11613
147,managed,147,204,1.04517
148,unmanaged,146,204,0.031867
148,managed,147,204,0.286803
149,unmanaged,26,49,0.078887
149,managed,27,49,0.70998
151,unmanaged,149,149,0.213759
151,managed,150,149,1.92383
152,unmanaged,152,52,2.00154
153,unmanaged,152,52,3.02915
154,unmanaged,4,34,0.181272
154,managed,5,34,1.63145
155,unmanaged,4,34,0.150137
155,managed,5,34,1.35123
156,unmanaged,4,34,0.067635
156,managed,5,34,0.60871
157,unmanaged,153,149,0.465723
157,managed,154,149,4.19151
158,unmanaged,1,15,0.162994
158,managed,2,15,1.46694
159,unmanaged,1,49,0.198585
159,managed,2,49,1.78726
160,unmanaged,156,204,0.51183
161,unmanaged,156,204,1.24822
162,unmanaged,44,49,0.102243
162,managed,45,49,0.92019
163,unmanaged,44,49,0.0280271
163,managed,45,49,0.252244
164,unmanaged,157,114,0.190634
164,managed,158,114,1.71571
165,unmanaged,160,79,1.18755
165,managed,161,79,10.6879
166,unmanaged,163,154,0.152106
166,managed,164,154,1.36896
167,unmanaged,16,13,0.251615
167,managed,17,13,2.26454
168,unmanaged,16,13,0.0106192
168,managed,17,13,0.095573
169,unmanaged,166,149,0.080977
169,managed,167,149,0.72879
170,unmanaged,169,304,40.9085
171,unmanaged,170,149,0.082737
171,managed,171,149,0.74463
172,unmanaged,170,149,0.0446005
172,managed,171,149,0.401404
173,unmanaged,170,149,0.0104407
173,managed,171,149,0.093966
174,unmanaged,173,304,0.468091
174,managed,174,304,1.87237
175,unmanaged,176,304,0.87672
176,unmanaged,177,304,0.177692
177,unmanaged,178,304,4.53018
178,unmanaged,179,304,1.01365
178,managed,180,304,4.05461
179,unmanaged,44,16,0.0336602
179,managed,45,16,0.302942
184,unmanaged,26,49,0.0276524
184,managed,27,49,0.248871
185,unmanaged,26,49,0.140038
185,managed,27,49,1.26034
188,unmanaged,182,254,5.0797
189,unmanaged,183,74,0.057666
189,managed,184,74,0.51899
190,unmanaged,186,129,0.311122
190,managed,187,129,2.8001
191,unmanaged,186,129,0.0139094
191,managed,187,129,0.125184
192,unmanaged,189,149,0.153773
192,managed,190,149,1.38396
193,unmanaged,192,74,2.13904
194,unmanaged,193,79,0.241906
194,managed,194,79,2.17716
195,unmanaged,196,79,0.302372
195,managed,197,79,1.20949
196,unmanaged,199,79,0.65519
196,managed,200,79,5.8967
197,unmanaged,199,79,0.0177826
197,managed,200,79,0.160043
198,unmanaged,202,114,0.227043
198,managed,203,114,2.04339
199,unmanaged,205,118,0.78431
199,managed,206,118,7.0588
200,unmanaged,208,149,0.0468894
200,managed,209,149,0.422005
201,unmanaged,208,149,0.121566
201,managed,209,149,1.0941
202,unmanaged,208,149,0.0149772
202,managed,209,149,0.134795
203,unmanaged,211,174,4.08367
203,managed,212,174,16.3347
204,unmanaged,214,149,0.286336
204,managed,215,149,2.57703
205,unmanaged,217,149,18.1222
206,unmanaged,218,149,0.66693
207,unmanaged,219,139,0.93759
207,managed,220,139,3.75036
208,unmanaged,11,69,0.127625
208,managed,12,69,1.14862
209,unmanaged,11,69,0.082331
209,managed,12,69,0.74098
210,unmanaged,11,69,0.334047
210,managed,12,69,3.00642
211,unmanaged,4,18,0.093593
211,managed,5,18,0.84234
214,unmanaged,222,154,0.079089
214,managed,223,154,0.7118
215,unmanaged,225,104,0.166936
215,managed,226,104,1.50242
216,unmanaged,228,84,0.183214
216,managed,229,84,0.73286
217,unmanaged,231,149,2.63563
218,unmanaged,231,149,1.81264
219,unmanaged,231,149,2.5154
220,unmanaged,26,41,0.112541
220,managed,27,41,1.01287
221,unmanaged,232,74,0.154719
221,managed,233,74,1.39247
222,unmanaged,232,74,0.103691
222,managed,233,74,0.93322
223,unmanaged,235,149,0.93168
223,managed,236,149,3.72671
224,unmanaged,21,69,0.164593
224,managed,22,69,1.48134
225,unmanaged,238,79,0.175326
225,managed,239,79,1.57793
226,unmanaged,4,39,0.142371
226,managed,5,39,1.28134
227,unmanaged,241,79,0.310055
227,managed,242,79,2.7905
228,unmanaged,244,74,5.6271
229,unmanaged,245,114,0.62924
229,managed,246,114,5.6631
230,unmanaged,16,59,0.331573
230,managed,17,59,2.98415
231,unmanaged,16,59,0.0455332
231,managed,17,59,0.409799
232,unmanaged,248,74,1.55862
232,managed,249,74,6.2345
233,unmanaged,251,154,0.87654
233,managed,252,154,3.50616
234,unmanaged,254,154,2.38309
234,managed,255,154,9.5324
235,unmanaged,254,154,0.115665
235,managed,255,154,0.462662
236,unmanaged,254,154,0.098941
236,managed,255,154,0.395763
237,unmanaged,257,144,3.36921
238,unmanaged,4,39,0.068922
238,managed,5,39,0.6203
239,unmanaged,258,154,0.074672
239,managed,259,154,0.67204
240,unmanaged,261,79,0.91542
241,unmanaged,261,79,7.1809
242,unmanaged,262,149,3.62487
243,unmanaged,263,149,0.05427
243,managed,264,149,0.217081
244,unmanaged,266,304,7.2313
245,unmanaged,267,149,0.42466
245,managed,268,149,1.69864
246,unmanaged,270,79,0.268007
246,managed,271,79,2.41206
247,unmanaged,4,39,0.165146
247,managed,5,39,1.48632
248,unmanaged,273,114,0.65051
248,managed,274,114,5.8546
249,unmanaged,1,9,0.396163
249,managed,2,9,3.56547
250,unmanaged,276,79,0.158329
250,managed,277,79,1.42496
251,unmanaged,279,304,10.5456
252,unmanaged,1,17,0.250759
252,managed,2,17,2.25683
253,unmanaged,280,84,1.66319
253,managed,281,84,14.9687
254,unmanaged,280,84,0.52841
254,managed,281,84,4.75567
255,unmanaged,280,84,0.135813
255,managed,281,84,1.22232
256,unmanaged,11,2,0.082512
256,managed,12,2,0.74261
257,unmanaged,11,2,0.389264
257,managed,12,2,3.50337
258,unmanaged,11,2,0.110588
258,managed,12,2,0.9953
260,unmanaged,11,69,0.060398
260,managed,12,69,0.54358
261,unmanaged,283,69,2.49538
262,unmanaged,4,54,0.0343586
262,managed,5,54,0.309227
263,unmanaged,21,69,0.12815
263,managed,22,69,1.15335
264,unmanaged,284,89,0.182317
264,managed,285,89,1.64085
265,unmanaged,287,129,0.94991
265,managed,288,129,8.5492
266,unmanaged,290,74,0.5645
266,managed,291,74,2.258
267,unmanaged,293,89,0.363054
267,managed,294,89,3.26749
268,unmanaged,296,99,0.253118
268,managed,297,99,2.27806
269,unmanaged,21,2,0.085998
269,managed,22,2,0.77398
270,unmanaged,299,74,0.050412
270,managed,300,74,0.453707
271,unmanaged,302,149,0.010512
271,managed,303,149,0.094608
272,unmanaged,302,149,0.6284
272,managed,303,149,5.6556
273,unmanaged,305,79,1.51274
273,managed,306,79,13.6146
274,unmanaged,308,79,4.37675
275,unmanaged,309,114,0.123607
275,managed,310,114,1.11246
276,unmanaged,312,174,3.1851
277,unmanaged,312,174,0.19613
278,unmanaged,16,69,0.091831
278,managed,17,69,0.82648
279,unmanaged,313,51,1.23328
280,unmanaged,314,134,2.08984
281,unmanaged,315,84,0.330444
281,managed,316,84,2.97399
282,unmanaged,1,54,0.112901
282,managed,2,54,1.01611
283,unmanaged,318,119,0.56085
283,managed,319,119,5.0476
284,unmanaged,321,79,1.00453
284,managed,322,79,4.01813
285,unmanaged,1,49,0.262058
285,managed,2,49,2.35852
286,unmanaged,11,69,0.72625
286,managed,12,69,6.5362
287,unmanaged,44,19,0.421746
287,managed,45,19,3.79571
288,unmanaged,4,17,0.141147
288,managed,5,17,1.27033
289,unmanaged,11,25,0.074675
289,managed,12,25,0.67208
290,unmanaged,324,84,0.24474
290,managed,325,84,2.20266
291,unmanaged,327,149,0.76587
291,managed,328,149,3.06346
292,unmanaged,16,29,0.063411
292,managed,17,29,0.5707
293,unmanaged,26,29,0.0494868
293,managed,27,29,0.445381
297,unmanaged,330,99,0.054696
297,managed,331,99,0.492264
298,unmanaged,330,99,0.076977
298,managed,331,99,0.69279
300,unmanaged,335,79,1.40216
301,unmanaged,336,74,0.51564
302,unmanaged,336,74,1.11527
303,unmanaged,336,74,4.41257
304,unmanaged,336,74,0.93741
305,unmanaged,21,44,0.398472
305,managed,22,44,3.58625
306,unmanaged,16,59,0.173108
306,managed,17,59,1.55797
307,unmanaged,337,49,1.62036
308,unmanaged,338,84,0.396983
308,managed,339,84,3.57284
309,unmanaged,16,34,0.184782
309,managed,17,34,1.66304
310,unmanaged,343,99,0.496446
310,managed,344,99,4.46802
311,unmanaged,348,174,1.26558
311,managed,349,174,11.3902
312,unmanaged,353,174,6.656
313,unmanaged,4,59,0.163299
313,managed,5,59,1.46969
314,unmanaged,354,74,0.214819
314,managed,355,74,1.93337
315,unmanaged,359,174,4.31722
315,managed,360,174,17.2689
316,unmanaged,362,99,0.092893
316,managed,363,99,0.83604
317,unmanaged,362,99,0.0124353
317,managed,363,99,0.111918
318,unmanaged,21,69,0.195742
318,managed,22,69,1.76168
319,unmanaged,1,49,0.62833
319,managed,2,49,5.6549
320,unmanaged,1,54,0.267958
320,managed,2,54,2.41163
321,unmanaged,26,11,0.0121831
321,managed,27,11,0.109648
322,unmanaged,26,11,0.270936
322,managed,27,11,2.43843
323,unmanaged,367,174,0.215324
323,managed,368,174,1.93792
324,unmanaged,372,149,0.390398
324,managed,373,149,1.56159
325,unmanaged,372,149,1.41021
325,managed,373,149,5.6408
326,unmanaged,375,102,0.331558
326,managed,376,102,2.98402
327,unmanaged,375,102,0.062744
327,managed,376,102,0.56469
328,unmanaged,26,2,0.268115
328,managed,27,2,2.41303
329,unmanaged,380,114,1.42726
329,managed,381,114,5.709
330,unmanaged,99,64,1.22521
330,managed,100,64,4.90085
331,unmanaged,383,74,0.0179275
331,managed,384,74,0.161347
332,unmanaged,383,74,0.66497
332,managed,384,74,5.9847
333,unmanaged,11,2,0.063049
333,managed,12,2,0.56744
334,unmanaged,11,2,0.164851
334,managed,12,2,1.48366
335,unmanaged,388,114,0.71532
335,managed,389,114,6.4378
336,unmanaged,393,84,0.66304
336,managed,394,84,5.9674
337,unmanaged,393,84,0.0377517
337,managed,394,84,0.339766
338,unmanaged,4,49,0.122659
338,managed,5,49,1.10393
339,unmanaged,11,69,0.037336
339,managed,12,69,0.336024
340,unmanaged,11,69,0.0261381
340,managed,12,69,0.235243
341,unmanaged,11,69,0.148842
341,managed,12,69,1.33958
342,unmanaged,16,49,0.154192
342,managed,17,49,1.38773
343,unmanaged,16,49,0.068393
343,managed,17,49,0.61553
344,unmanaged,16,49,0.0358892
344,managed,17,49,0.323003
345,unmanaged,44,13,0.241191
345,managed,45,13,2.17072
346,unmanaged,398,174,8.844
347,unmanaged,399,114,5.2952
348,unmanaged,400,154,1.0517
348,managed,401,154,4.20679
349,unmanaged,11,69,0.101187
349,managed,12,69,0.91069
350,unmanaged,11,69,0.0138624
350,managed,12,69,0.124762
351,unmanaged,11,69,0.138861
351,managed,12,69,1.24975
352,unmanaged,403,119,0.83268
352,managed,404,119,7.4941
353,unmanaged,408,74,0.158158
353,managed,409,74,1.42342
354,unmanaged,408,74,0.0205126
354,managed,409,74,0.184614
355,unmanaged,408,74,0.475651
355,managed,409,74,4.28086
356,unmanaged,26,14,0.0211224
356,managed,27,14,0.190102
357,unmanaged,26,14,0.0398256
357,managed,27,14,0.358431
358,unmanaged,26,14,0.0189585
358,managed,27,14,0.170627
359,unmanaged,4,20,0.074088
359,managed,5,20,0.66679
360,unmanaged,4,20,0.160938
360,managed,5,20,1.44845
361,unmanaged,16,11,0.301343
361,managed,17,11,2.71209
362,unmanaged,16,11,0.0238066
362,managed,17,11,0.214259
363,unmanaged,16,13,0.0209458
363,managed,17,13,0.188513
364,unmanaged,16,13,0.165044
364,managed,17,13,1.48539
365,unmanaged,99,69,5.459
365,managed,100,69,21.836
366,unmanaged,413,74,0.054683
366,managed,414,74,0.49215
367,unmanaged,413,74,0.123299
367,managed,414,74,1.10969
368,unmanaged,4,1,0.12542
368,managed,5,1,1.12878
369,unmanaged,4,1,0.064249
369,managed,5,1,0.57824
370,unmanaged,418,174,0.200089
371,unmanaged,418,174,0.203154
372,unmanaged,418,174,11.858
373,unmanaged,1,19,0.152901
373,managed,2,19,1.37611
374,unmanaged,1,19,0.0159009
374,managed,2,19,0.143108
375,unmanaged,21,4,0.362949
375,managed,22,4,3.26654
378,unmanaged,419,74,0.070863
378,managed,420,74,0.63777
379,unmanaged,11,2,0.064352
379,managed,12,2,0.57917
380,unmanaged,424,79,0.270729
380,managed,425,79,2.43656
381,unmanaged,424,79,0.175193
381,managed,425,79,1.57674
383,unmanaged,429,79,0.232937
383,managed,430,79,2.09644
384,unmanaged,21,69,0.62011
384,managed,22,69,5.581
385,unmanaged,434,149,0.92055
386,unmanaged,11,69,0.092721
386,managed,12,69,0.83449
387,unmanaged,21,69,0.230337
387,managed,22,69,2.07303
388,unmanaged,435,69,2.1021
389,unmanaged,436,99,0.201452
389,managed,437,99,1.81306
390,unmanaged,441,149,0.354626
390,managed,442,149,3.19164
391,unmanaged,1,3,0.482783
391,managed,2,3,4.34504
392,unmanaged,446,79,0.57254
392,managed,447,79,5.1529
393,unmanaged,451,114,0.416428
393,managed,452,114,3.74786
394,unmanaged,456,74,1.42543
394,managed,457,74,5.7017
395,unmanaged,459,79,1.11079
395,managed,460,79,4.44318
396,unmanaged,1,54,0.60221
396,managed,2,54,5.4199
397,unmanaged,1,54,0.0240076
397,managed,2,54,0.216069
398,unmanaged,1,54,0.0186372
398,managed,2,54,0.167735
399,unmanaged,462,79,0.0360398
399,managed,463,79,0.324358
400,unmanaged,462,79,0.56235
400,managed,463,79,5.0612
401,unmanaged,4,39,0.368518
401,managed,5,39,3.31666
402,unmanaged,467,89,0.408715
402,managed,468,89,3.67843
403,unmanaged,4,39,0.088145
403,managed,5,39,0.79331
404,unmanaged,4,14,0.096977
404,managed,5,14,0.87279
405,unmanaged,472,79,0.213484
405,managed,473,79,1.92135
406,unmanaged,472,79,0.0143648
406,managed,473,79,0.129283
407,unmanaged,477,534,0.103141
407,managed,478,534,0.92827
408,unmanaged,482,149,0.202058
408,managed,483,149,1.81852
409,unmanaged,16,11,0.101916
409,managed,17,11,0.91725
410,unmanaged,11,5,0.0298597
410,managed,12,5,0.268737
411,unmanaged,1,51,0.402373
411,managed,2,51,3.62136
412,unmanaged,487,79,0.01485
412,managed,488,79,0.13365
413,unmanaged,487,79,0.13855
413,managed,488,79,1.24695
414,unmanaged,487,79,0.0542
414,managed,488,79,0.4878
415,unmanaged,492,74,2.82605
416,unmanaged,26,44,0.226916
416,managed,27,44,2.04225
417,unmanaged,493,74,1.40449
417,managed,494,74,5.6179
418,unmanaged,496,79,0.94901
418,managed,497,79,8.5411
419,unmanaged,501,79,1.4961
420,unmanaged,11,13,0.53693
420,managed,12,13,4.8324
421,unmanaged,44,49,0.131488
421,managed,45,49,1.18339
422,unmanaged,502,84,4.41683
423,unmanaged,503,149,0.299539
423,managed,504,149,2.69585
424,unmanaged,503,149,0.056281
424,managed,504,149,0.50653
425,unmanaged,508,89,0.138455
425,managed,509,89,1.24609
426,unmanaged,11,5,0.73364
426,managed,12,5,6.6027
427,unmanaged,11,5,0.0257739
427,managed,12,5,0.231965
428,unmanaged,513,28,0.385232
428,managed,514,28,3.46709
429,unmanaged,518,15,0.94993
430,unmanaged,4,15,0.77226
430,managed,5,15,6.9504
431,unmanaged,513,30,0.428685
431,managed,514,30,3.85817
432,unmanaged,513,30,0.0103874
432,managed,514,30,0.093487
433,unmanaged,519,149,1.21916
433,managed,520,149,10.9724
434,unmanaged,524,114,2.25406
435,unmanaged,525,79,0.69998
435,managed,526,79,6.2998
436,unmanaged,16,41,0.294373
436,managed,17,41,2.64936
437,unmanaged,530,79,0.53273
437,managed,531,79,4.79457
438,unmanaged,21,2,0.193508
438,managed,22,2,1.74157
439,unmanaged,535,104,1.58849
440,unmanaged,536,84,0.308255
440,managed,537,84,2.7743
441,unmanaged,11,2,0.098483
441,managed,12,2,0.88635
442,unmanaged,11,2,0.0448228
442,managed,12,2,0.403406
443,unmanaged,11,2,0.0194914
443,managed,12,2,0.175423
444,unmanaged,541,79,0.12284
444,managed,542,79,1.10556
445,unmanaged,541,79,0.332964
445,managed,542,79,2.99668
446,unmanaged,16,59,0.232411
446,managed,17,59,2.0917
447,unmanaged,16,47,0.69323
447,managed,17,47,6.2391
448,unmanaged,16,47,0.306375
448,managed,17,47,2.75737
449,unmanaged,16,47,0.168596
449,managed,17,47,1.51736
450,unmanaged,546,79,0.225098
450,managed,547,79,2.02588
451,unmanaged,551,79,0.054759
451,managed,552,79,0.492834
452,unmanaged,551,79,0.251677
452,managed,552,79,2.26509
453,unmanaged,551,79,0.158793
453,managed,552,79,1.42914
454,unmanaged,551,79,0.0204609
454,managed,552,79,0.184148
455,unmanaged,11,10,0.51249
455,managed,12,10,4.61241
456,unmanaged,556,129,0.091168
456,managed,557,129,0.82051
457,unmanaged,556,129,0.87431
457,managed,557,129,7.8688
458,unmanaged,11,19,0.8405
458,managed,12,19,7.5645
459,unmanaged,513,18,0.8183
459,managed,514,18,7.3647
460,unmanaged,4,20,0.0132248
460,managed,5,20,0.119023
461,unmanaged,4,20,0.82304
461,managed,5,20,7.4074
462,unmanaged,561,149,1.98828
463,unmanaged,4,64,0.114349
463,managed,5,64,1.02914
464,unmanaged,562,174,11.7415
465,unmanaged,1,29,0.0185857
465,managed,2,29,0.167271
466,unmanaged,563,79,0.60303
466,managed,564,79,5.4273
467,unmanaged,568,74,0.58866
467,managed,569,74,5.298
468,unmanaged,573,79,0.400702
468,managed,574,79,3.60632
469,unmanaged,11,8,0.247837
469,managed,12,8,2.23053
470,unmanaged,11,8,0.0143641
470,managed,12,8,0.129277
471,unmanaged,21,8,0.069956
471,managed,22,8,0.6296
472,unmanaged,16,29,0.0289223
472,managed,17,29,0.2603
473,unmanaged,4,6,0.369497
473,managed,5,6,3.32547
474,unmanaged,4,36,0.0107585
474,managed,5,36,0.096827
475,unmanaged,4,36,0.077068
475,managed,5,36,0.69362
485,unmanaged,578,134,0.0330867
485,managed,579,134,0.29778
486,unmanaged,578,134,0.269973
486,managed,579,134,2.42976
487,unmanaged,583,109,0.164636
488,unmanaged,584,114,0.130818
488,managed,585,114,1.17737
489,unmanaged,584,114,0.0332235
489,managed,585,114,0.299012
490,unmanaged,584,114,0.041626
490,managed,585,114,0.374634
491,unmanaged,584,114,0.276974
491,managed,585,114,2.49277
492,unmanaged,589,84,0.31527
493,unmanaged,589,84,12.7662
494,unmanaged,590,149,0.51291
494,managed,591,149,2.05164
495,unmanaged,593,74,0.259514
495,managed,594,74,1.03805
496,unmanaged,4,44,0.014411
496,managed,5,44,0.129699
497,unmanaged,4,44,0.0988
497,managed,5,44,0.8892
498,unmanaged,596,89,0.159878
498,managed,597,89,1.4389
499,unmanaged,601,89,0.0133628
499,managed,602,89,0.120265
500,unmanaged,601,89,0.239419
500,managed,602,89,2.15478
503,unmanaged,606,14,1.82752
504,unmanaged,606,14,1.54172
505,unmanaged,607,14,0.54265
506,unmanaged,608,86,2.56158
506,managed,609,86,10.2463
507,unmanaged,26,54,0.86243
507,managed,27,54,7.7619
508,unmanaged,26,54,0.0270641
508,managed,27,54,0.243576
509,unmanaged,611,89,0.362955
509,managed,612,89,3.26659
510,unmanaged,616,74,1.85782
510,managed,617,74,16.7204
511,unmanaged,621,79,0.90479
511,managed,622,79,8.1431
512,unmanaged,21,69,0.294023
512,managed,22,69,2.64621
513,unmanaged,21,69,0.416611
513,managed,22,69,3.7495
514,unmanaged,626,74,0.286369
514,managed,627,74,2.57732
515,unmanaged,626,74,0.0374226
515,managed,627,74,0.336803
516,unmanaged,631,79,0.467487
516,managed,632,79,4.20738
517,unmanaged,636,74,0.61426
517,managed,637,74,2.45704
518,unmanaged,639,69,0.477686
518,managed,640,69,1.91074
519,unmanaged,21,69,0.89391
519,managed,22,69,8.0452
520,unmanaged,21,69,0.062521
520,managed,22,69,0.56269
521,unmanaged,642,74,0.99421
521,managed,643,74,8.9479
522,unmanaged,647,74,0.77009
522,managed,648,74,6.9308
523,unmanaged,652,99,0.238907
523,managed,653,99,2.15016
524,unmanaged,652,99,0.0102497
524,managed,653,99,0.092247
525,unmanaged,21,2,0.186626
525,managed,22,2,1.67964
526,unmanaged,21,2,0.18477
526,managed,22,2,1.66293
527,unmanaged,657,84,5.2248
527,managed,658,84,20.8992
528,unmanaged,660,2,0.263587
528,managed,661,2,1.05435
529,unmanaged,663,74,0.59182
529,managed,664,74,5.3263
530,unmanaged,663,74,0.24664
530,managed,664,74,2.21976
531,unmanaged,663,74,0.471939
531,managed,664,74,4.24745
532,unmanaged,668,84,0.156202
532,managed,669,84,1.40582
534,unmanaged,673,79,1.063
534,managed,674,79,4.25201
535,unmanaged,4,34,0.204835
535,managed,5,34,1.84352
536,unmanaged,4,28,0.0289448
536,managed,5,28,0.260503
537,unmanaged,676,123,1.34518
537,managed,677,123,12.1066
538,unmanaged,26,10,0.156667
538,managed,27,10,1.41
539,unmanaged,26,10,0.064312
539,managed,27,10,0.57881
540,unmanaged,11,64,0.13974
540,managed,12,64,1.25766
541,unmanaged,11,64,0.169553
541,managed,12,64,1.52598
542,unmanaged,681,84,0.177518
542,managed,682,84,1.59766
543,unmanaged,681,84,0.025419
543,managed,682,84,0.228771
544,unmanaged,681,84,0.372163
544,managed,682,84,3.34947
545,unmanaged,99,69,1.2999
545,managed,100,69,5.1996
546,unmanaged,686,79,0.051852
546,managed,687,79,0.466668
547,unmanaged,686,79,0.25988
547,managed,687,79,2.33892
548,unmanaged,691,79,0.487011
548,managed,692,79,4.3831
549,unmanaged,4,44,0.136243
549,managed,5,44,1.22619
550,unmanaged,696,79,0.0375046
550,managed,697,79,0.150018
551,unmanaged,696,79,0.52012
551,managed,697,79,2.08047
552,unmanaged,16,54,0.354861
552,managed,17,54,3.19375
553,unmanaged,16,54,0.279628
553,managed,17,54,2.51665
554,unmanaged,16,3,0.056017
554,managed,17,3,0.50415
555,unmanaged,26,54,0.0179217
555,managed,27,54,0.161295
556,unmanaged,26,54,0.226065
556,managed,27,54,2.03459
557,unmanaged,699,79,0.308624
557,managed,700,79,2.77762
558,unmanaged,704,84,0.082775
558,managed,705,84,0.74498
559,unmanaged,704,84,0.175721
559,managed,705,84,1.58149
560,unmanaged,11,2,0.0238482
560,managed,12,2,0.214633
561,unmanaged,11,2,0.1956
561,managed,12,2,1.7604
562,unmanaged,4,34,0.0112519
562,managed,5,34,0.101267
563,unmanaged,4,34,0.487576
563,managed,5,34,4.38818
564,unmanaged,709,89,0.07979
564,managed,710,89,0.71811
565,unmanaged,4,54,0.169446
565,managed,5,54,1.52502
566,unmanaged,4,20,0.166629
566,managed,5,20,1.49966
567,unmanaged,4,19,0.076278
567,managed,5,19,0.6865
568,unmanaged,4,19,0.104862
568,managed,5,19,0.94376
569,unmanaged,1,29,0.0349383
569,managed,2,29,0.314444
570,unmanaged,1,64,0.36706
570,managed,2,64,3.30354
571,unmanaged,16,54,0.0483208
571,managed,17,54,0.434887
572,unmanaged,16,54,0.294886
572,managed,17,54,2.65397
573,unmanaged,16,54,0.093125
573,managed,17,54,0.83813
574,unmanaged,16,54,0.155432
574,managed,17,54,1.39889
575,unmanaged,16,54,0.0250569
575,managed,17,54,0.225512
576,unmanaged,16,14,0.286599
576,managed,17,14,2.57939
577,unmanaged,26,29,0.0322251
577,managed,27,29,0.290026
578,unmanaged,16,6,0.63544
578,managed,17,6,5.7189
579,unmanaged,16,6,0.295482
579,managed,17,6,2.65934
580,unmanaged,4,14,0.062671
580,managed,5,14,0.56404
581,unmanaged,4,14,0.391792
581,managed,5,14,3.52613
582,unmanaged,714,74,0.099078
582,managed,715,74,0.8917
583,unmanaged,719,149,0.062625
583,managed,720,149,0.56363
584,unmanaged,719,149,0.0299686
584,managed,720,149,0.269718
585,unmanaged,4,49,0.226343
585,managed,5,49,2.03709
586,unmanaged,4,49,0.25552
586,managed,5,49,2.29968
587,unmanaged,4,49,0.0135389
587,managed,5,49,0.12185
588,unmanaged,724,174,0.305862
588,managed,725,174,2.75275
589,unmanaged,724,174,0.19305
589,managed,725,174,1.73745
590,unmanaged,724,174,0.0142849
590,managed,725,174,0.128564
591,unmanaged,729,74,0.050326
591,managed,730,74,0.452933
592,unmanaged,729,74,0.0181246
592,managed,730,74,0.163121
593,unmanaged,734,74,0.64072
593,managed,735,74,5.7665
594,unmanaged,739,74,0.089281
594,managed,740,74,0.80353
595,unmanaged,739,74,0.06765
595,managed,740,74,0.60885
596,unmanaged,739,74,0.136466
596,managed,740,74,1.2282
597,unmanaged,1,64,0.192403
597,managed,2,64,1.73163
598,unmanaged,744,49,2.3788
599,unmanaged,744,49,0.360908
600,unmanaged,745,79,0.256008
600,managed,746,79,2.30407
601,unmanaged,745,79,0.40994
601,managed,746,79,3.68946
602,unmanaged,745,79,0.0108588
602,managed,746,79,0.09773
603,unmanaged,21,3,0.051518
603,managed,22,3,0.463658
604,unmanaged,750,79,2.41169
605,unmanaged,750,79,0.131224
606,unmanaged,751,174,10.7759
607,unmanaged,16,49,0.092408
607,managed,17,49,0.83167
608,unmanaged,16,49,0.181116
608,managed,17,49,1.63005
609,unmanaged,16,49,0.058713
609,managed,17,49,0.52842
610,unmanaged,11,64,0.359386
610,managed,12,64,3.23448
611,unmanaged,11,2,0.199783
611,managed,12,2,1.79805
612,unmanaged,752,89,0.017874
612,managed,753,89,0.160866
613,unmanaged,752,89,0.155825
613,managed,753,89,1.40243
614,unmanaged,757,79,0.396948
614,managed,758,79,3.57254
615,unmanaged,762,89,0.226293
615,managed,763,89,2.03664
616,unmanaged,767,74,0.120312
616,managed,768,74,1.08281
617,unmanaged,767,74,0.422451
617,managed,768,74,3.80206
618,unmanaged,21,2,0.0319239
618,managed,22,2,0.287315
619,unmanaged,4,54,0.361839
619,managed,5,54,3.25655
620,unmanaged,16,44,0.17299
620,managed,17,44,1.55691
621,unmanaged,772,79,0.153669
621,managed,773,79,1.38302
622,unmanaged,16,54,0.168522
622,managed,17,54,1.5167
623,unmanaged,16,52,0.270091
623,managed,17,52,2.43082
624,unmanaged,11,49,0.54946
624,managed,12,49,4.9451
625,unmanaged,777,74,0.70907
625,managed,778,74,6.3816
626,unmanaged,782,74,0.070677
626,managed,783,74,0.6361
627,unmanaged,782,74,0.57642
627,managed,783,74,5.1878
628,unmanaged,16,49,0.183506
628,managed,17,49,1.65156
629,unmanaged,1,49,1.06669
629,managed,2,49,9.6002
630,unmanaged,1,49,0.51019
630,managed,2,49,4.59173
631,unmanaged,26,49,0.259387
631,managed,27,49,2.33448
632,unmanaged,787,89,0.158945
632,managed,788,89,1.43051
633,unmanaged,11,69,0.071559
633,managed,12,69,0.64404
634,unmanaged,792,74,0.112222
634,managed,793,74,1.01
635,unmanaged,792,74,0.151083
635,managed,793,74,1.35974
636,unmanaged,792,74,0.121942
636,managed,793,74,1.09748
637,unmanaged,792,74,0.281394
637,managed,793,74,2.53254
638,unmanaged,16,44,1.88917
638,managed,17,44,17.0025
639,unmanaged,16,44,0.128285
639,managed,17,44,1.15457
640,unmanaged,16,44,0.0358144
640,managed,17,44,0.322329
641,unmanaged,16,44,0.0118561
641,managed,17,44,0.106705
642,unmanaged,797,74,0.72938
642,managed,798,74,6.5644
643,unmanaged,797,74,0.018452
643,managed,798,74,0.166068
644,unmanaged,802,74,0.514
644,managed,803,74,4.62598
645,unmanaged,807,89,0.213368
645,managed,808,89,1.92031
646,unmanaged,26,54,0.080082
646,managed,27,54,0.72074
647,unmanaged,812,174,1.49317
647,managed,813,174,5.9727
648,unmanaged,16,44,0.181309
648,managed,17,44,1.63178
649,unmanaged,815,149,2.40418
650,unmanaged,21,54,0.200437
650,managed,22,54,1.80394
651,unmanaged,21,54,0.062064
651,managed,22,54,0.55857
652,unmanaged,21,2,0.077322
652,managed,22,2,0.69589
653,unmanaged,21,2,0.132776
653,managed,22,2,1.19499
654,unmanaged,816,74,0.206306
654,managed,817,74,1.85676
655,unmanaged,16,49,0.070906
655,managed,17,49,0.63816
656,unmanaged,16,49,0.0349093
656,managed,17,49,0.314183
657,unmanaged,16,49,1.19068
657,managed,17,49,10.7161
658,unmanaged,16,49,0.334423
658,managed,17,49,3.00981
659,unmanaged,821,89,0.470841
659,managed,822,89,4.23757
660,unmanaged,821,89,1.03809
660,managed,822,89,9.3429
661,unmanaged,4,64,0.132866
661,managed,5,64,1.1958
662,unmanaged,49,54,0.137967
662,managed,50,54,1.2417
663,unmanaged,826,79,0.211401
663,managed,827,79,1.90261
664,unmanaged,826,79,0.071427
664,managed,827,79,0.64285
665,unmanaged,826,79,1.21919
665,managed,827,79,10.9727
666,unmanaged,831,104,0.33581
666,managed,832,104,3.02229
667,unmanaged,836,104,0.0181661
667,managed,837,104,0.163494
668,unmanaged,841,84,0.261879
668,managed,842,84,2.35691
669,unmanaged,841,84,0.210207
669,managed,842,84,1.89187
670,unmanaged,660,69,0.76453
670,managed,661,69,3.05811
671,unmanaged,660,69,0.42188
671,managed,661,69,1.68752
672,unmanaged,660,69,0.376206
672,managed,661,69,1.50483
673,unmanaged,846,114,4.24263
673,managed,847,114,16.9705
674,unmanaged,849,84,0.051791
674,managed,850,84,0.466122
675,unmanaged,849,84,0.0419124
675,managed,850,84,0.377212
676,unmanaged,11,2,0.480523
676,managed,12,2,4.3247
677,unmanaged,1,64,0.450296
677,managed,2,64,4.05266
678,unmanaged,854,89,0.296506
678,managed,855,89,2.66855
679,unmanaged,859,74,1.59146
680,unmanaged,859,74,0.66627
681,unmanaged,860,134,0.91922
682,unmanaged,861,89,0.246692
682,managed,862,89,2.22023
683,unmanaged,4,59,0.113473
683,managed,5,59,1.02126
684,unmanaged,866,104,0.68639
684,managed,867,104,6.1775
685,unmanaged,866,104,0.0191268
685,managed,867,104,0.172142
686,unmanaged,871,114,0.350171
686,managed,872,114,3.15154
687,unmanaged,876,174,3.93051
688,unmanaged,876,174,1.11229
689,unmanaged,877,39,3.06857
690,unmanaged,878,74,14.3101
691,unmanaged,16,49,1.60507
691,managed,17,49,14.4456
692,unmanaged,16,49,0.0269776
692,managed,17,49,0.242798
693,unmanaged,44,59,0.159054
693,managed,45,59,1.43149
694,unmanaged,44,59,0.0394561
694,managed,45,59,0.355105
695,unmanaged,879,61,2.51213
696,unmanaged,513,22,0.157386
696,managed,514,22,1.41648
697,unmanaged,513,22,0.0204958
697,managed,514,22,0.184462
698,unmanaged,880,114,4.01629
699,unmanaged,4,6,0.086041
699,managed,5,6,0.77437
700,unmanaged,881,79,0.223729
700,managed,882,79,2.01356
701,unmanaged,886,149,0.465541
701,managed,887,149,1.86216
702,unmanaged,889,129,0.19499
702,managed,890,129,1.75491
703,unmanaged,16,44,0.412601
703,managed,17,44,3.71341
704,unmanaged,1,49,0.068561
704,managed,2,49,0.61705
705,unmanaged,1,49,0.0271563
705,managed,2,49,0.244407
706,unmanaged,1,49,1.03457
706,managed,2,49,9.3111
707,unmanaged,1,49,0.012575
707,managed,2,49,0.113175
708,unmanaged,1,49,0.0319757
708,managed,2,49,0.287781
709,unmanaged,894,79,0.392368
709,managed,895,79,3.53131
710,unmanaged,894,79,0.0153123
710,managed,895,79,0.13781
711,unmanaged,894,79,0.071489
711,managed,895,79,0.6434
712,unmanaged,899,74,0.164867
712,managed,900,74,1.48381
713,unmanaged,4,54,0.080812
713,managed,5,54,0.72731
714,unmanaged,904,79,0.187005
714,managed,905,79,1.68305
715,unmanaged,16,49,0.244725
715,managed,17,49,2.20253
716,unmanaged,16,49,0.0214672
716,managed,17,49,0.193204
717,unmanaged,4,49,0.20948
717,managed,5,49,1.88532
718,unmanaged,909,84,2.6562
719,unmanaged,910,149,1.27579
720,unmanaged,910,149,1.90046
721,unmanaged,910,149,0.262535
722,unmanaged,911,89,0.0326597
722,managed,912,89,0.293938
723,unmanaged,916,84,0.177699
723,managed,917,84,1.59929
724,unmanaged,921,74,0.274809
724,managed,922,74,2.47328
725,unmanaged,926,84,0.1057
725,managed,927,84,0.9513
726,unmanaged,513,1,0.137904
726,managed,514,1,1.24114
727,unmanaged,4,30,0.170506
727,managed,5,30,1.53455
728,unmanaged,16,49,0.55
728,managed,17,49,4.95003
729,unmanaged,16,49,0.391513
729,managed,17,49,3.52362
730,unmanaged,16,49,0.072854
730,managed,17,49,0.65569
731,unmanaged,16,1,0.249189
731,managed,17,1,2.2427
732,unmanaged,16,1,0.66214
732,managed,17,1,5.9592
733,unmanaged,16,1,0.467712
733,managed,17,1,4.2094
734,unmanaged,16,1,0.76262
734,managed,17,1,6.8636
735,unmanaged,16,1,0.187982
735,managed,17,1,1.69184
736,unmanaged,16,1,0.053685
736,managed,17,1,0.483163
737,unmanaged,4,20,0.348953
737,managed,5,20,3.14058
738,unmanaged,931,74,0.50566
738,managed,932,74,4.55095
739,unmanaged,4,59,0.069093
739,managed,5,59,0.62183
740,unmanaged,4,59,0.11675
740,managed,5,59,1.05075
741,unmanaged,936,74,0.52711
741,managed,937,74,4.74396
742,unmanaged,941,73,0.89403
742,managed,942,73,8.0463
743,unmanaged,946,79,0.62578
743,managed,947,79,5.6321
744,unmanaged,11,54,0.0138481
744,managed,12,54,0.124633
745,unmanaged,11,54,0.183849
745,managed,12,54,1.65464
746,unmanaged,951,79,0.94517
746,managed,952,79,8.5065
747,unmanaged,956,74,0.206518
747,managed,957,74,1.85866
748,unmanaged,956,74,0.53816
748,managed,957,74,4.84341
749,unmanaged,16,57,0.230149
749,managed,17,57,2.07134
750,unmanaged,16,57,0.077907
750,managed,17,57,0.70116
751,unmanaged,16,57,0.424139
751,managed,17,57,3.81725
752,unmanaged,16,54,0.0130412
752,managed,17,54,0.11737
753,unmanaged,16,54,0.0358973
753,managed,17,54,0.323076
754,unmanaged,16,54,0.422588
754,managed,17,54,3.80329
755,unmanaged,16,54,0.091048
755,managed,17,54,0.81943
756,unmanaged,961,120,0.488408
756,managed,962,120,4.39568
757,unmanaged,966,84,0.27319
758,unmanaged,966,84,0.63784
759,unmanaged,967,79,0.5164
759,managed,968,79,4.64759
760,unmanaged,967,79,0.14561
760,managed,968,79,1.31049
761,unmanaged,967,79,0.110734
761,managed,968,79,0.99661
762,unmanaged,11,3,0.405938
762,managed,12,3,3.65344
763,unmanaged,11,3,0.107326
763,managed,12,3,0.96593
764,unmanaged,11,3,0.0100287
764,managed,12,3,0.090258
765,unmanaged,4,25,0.110365
765,managed,5,25,0.99328
766,unmanaged,972,77,2.158
766,managed,973,77,8.632
767,unmanaged,975,149,1.2317
767,managed,976,149,4.92681
768,unmanaged,978,54,0.51827
768,managed,979,54,2.07306
769,unmanaged,981,84,0.7187
769,managed,982,84,6.4683
770,unmanaged,981,84,0.443098
770,managed,982,84,3.98788
771,unmanaged,981,84,0.0143464
771,managed,982,84,0.129117
772,unmanaged,986,157,1.29507
772,managed,987,157,5.1803
773,unmanaged,989,149,0.073425
773,managed,990,149,0.66082
774,unmanaged,989,149,0.084169
774,managed,990,149,0.75752
775,unmanaged,978,69,0.69075
775,managed,979,69,2.76299
776,unmanaged,4,17,0.276415
776,managed,5,17,2.48774
777,unmanaged,994,39,1.39375
778,unmanaged,49,54,0.231786
778,managed,50,54,2.08607
779,unmanaged,995,79,0.0373409
779,managed,996,79,0.149364
780,unmanaged,995,79,0.87584
780,managed,996,79,3.50336
781,unmanaged,995,79,0.14212
781,managed,996,79,0.56848
782,unmanaged,998,74,0.0150229
782,managed,999,74,0.135206
783,unmanaged,998,74,0.18201
783,managed,999,74,1.63809
784,unmanaged,1003,104,0.405688
784,managed,1004,104,3.6512
785,unmanaged,1003,104,0.120328
785,managed,1004,104,1.08295
786,unmanaged,1008,99,0.0371804
786,managed,1009,99,0.334623
787,unmanaged,1008,99,0.0373929
787,managed,1009,99,0.336536
788,unmanaged,1013,69,7.4182
789,unmanaged,513,13,0.242761
789,managed,514,13,2.18484
790,unmanaged,11,4,1.21509
790,managed,12,4,10.9358
791,unmanaged,1014,74,0.115067
791,managed,1015,74,1.0356
792,unmanaged,1019,149,0.066559
792,managed,1020,149,0.266236
793,unmanaged,1022,149,0.440486
793,managed,1023,149,1.76194
794,unmanaged,1025,79,0.463491
794,managed,1026,79,4.17142
795,unmanaged,1030,84,0.148602
795,managed,1031,84,1.33741
796,unmanaged,11,69,0.411014
796,managed,12,69,3.69912
797,unmanaged,1035,79,0.89982
797,managed,1036,79,8.0984
798,unmanaged,1040,79,0.360635
798,managed,1041,79,3.24572
799,unmanaged,1,44,1.08018
799,managed,2,44,9.7216
800,unmanaged,11,69,1.32283
800,managed,12,69,11.9055
801,unmanaged,513,1,0.250991
801,managed,514,1,2.25892
802,unmanaged,1045,74,1.12887
802,managed,1046,74,10.1599
803,unmanaged,1050,89,0.84471
803,managed,1051,89,7.6024
804,unmanaged,1050,89,0.076768
804,managed,1051,89,0.69091
805,unmanaged,1055,74,0.0295195
805,managed,1056,74,0.265675
806,unmanaged,1055,74,0.112748
806,managed,1056,74,1.01473
807,unmanaged,1055,74,0.124408
807,managed,1056,74,1.11967
808,unmanaged,1055,74,0.0406748
808,managed,1056,74,0.366073
809,unmanaged,11,2,0.318836
809,managed,12,2,2.86952
810,unmanaged,11,2,0.24759
810,managed,12,2,2.22831
811,unmanaged,11,2,0.0142234
811,managed,12,2,0.128011
812,unmanaged,11,2,0.55712
812,managed,12,2,5.0141
813,unmanaged,1055,74,0.055371
813,managed,1056,74,0.498341
814,unmanaged,11,8,0.98773
814,managed,12,8,8.8896
815,unmanaged,21,3,0.016046
815,managed,22,3,0.144414
816,unmanaged,21,3,0.55885
816,managed,22,3,5.0297
817,unmanaged,21,3,0.059364
817,managed,22,3,0.53428
818,unmanaged,21,3,0.0319358
818,managed,22,3,0.287422
819,unmanaged,1,54,0.274693
819,managed,2,54,2.47224
820,unmanaged,1060,74,0.0417143
820,managed,1061,74,0.375429
821,unmanaged,1060,74,0.226752
821,managed,1061,74,2.04076
822,unmanaged,11,69,0.52722
822,managed,12,69,4.74494
823,unmanaged,1,59,0.414058
823,managed,2,59,3.72652
824,unmanaged,1065,149,0.352315
824,managed,1066,149,3.17084
825,unmanaged,1070,74,1.10963
825,managed,1071,74,4.43852
826,unmanaged,4,37,0.089539
826,managed,5,37,0.80585
827,unmanaged,1073,74,0.179454
827,managed,1074,74,1.61509
828,unmanaged,1078,89,0.0212883
828,managed,1079,89,0.191595
829,unmanaged,1078,89,0.28109
829,managed,1079,89,2.52981
830,unmanaged,4,20,0.0389254
830,managed,5,20,0.350329
831,unmanaged,4,20,0.12121
831,managed,5,20,1.09089
832,unmanaged,1083,79,0.043995
832,managed,1084,79,0.395955
833,unmanaged,1083,79,0.0263839
833,managed,1084,79,0.237455
834,unmanaged,1083,79,1.60941
834,managed,1084,79,14.4847
835,unmanaged,1083,79,0.0221234
835,managed,1084,79,0.19911
836,unmanaged,11,3,0.129991
836,managed,12,3,1.16991
837,unmanaged,11,3,0.14625
837,managed,12,3,1.31625
838,unmanaged,1088,149,0.751
838,managed,1089,149,3.00401
839,unmanaged,11,8,0.383093
839,managed,12,8,3.44783
840,unmanaged,11,8,0.189256
840,managed,12,8,1.7033
841,unmanaged,44,15,0.0239
841,managed,45,15,0.2151
842,unmanaged,44,15,0.051784
842,managed,45,15,0.466059
843,unmanaged,1091,69,2.05531
844,unmanaged,49,52,0.395601
844,managed,50,52,3.56041
845,unmanaged,1092,79,0.429607
845,managed,1093,79,3.86646
846,unmanaged,1092,79,0.0382535
846,managed,1093,79,0.344282
847,unmanaged,1092,79,0.56025
847,managed,1093,79,5.0422
848,unmanaged,1097,174,17.2719
849,unmanaged,1098,71,0.480025
849,managed,1099,71,4.32023
850,unmanaged,1103,79,0.2962
850,managed,1104,79,2.6658
851,unmanaged,1108,74,0.69971
851,managed,1109,74,6.2974
852,unmanaged,1113,69,1.72491
853,unmanaged,1113,69,0.87566
854,unmanaged,1114,64,2.19063
855,unmanaged,1115,154,0.99787
855,managed,1116,154,3.99149
856,unmanaged,16,59,0.301859
856,managed,17,59,2.71673
857,unmanaged,16,59,0.112782
857,managed,17,59,1.01504
858,unmanaged,1118,104,0.406822
858,managed,1119,104,3.66139
859,unmanaged,1123,104,3.9195
860,unmanaged,26,44,0.186949
860,managed,27,44,1.68254
861,unmanaged,4,18,0.140164
861,managed,5,18,1.26147
862,unmanaged,1124,85,0.422499
862,managed,1125,85,3.80249
863,unmanaged,1129,91,1.01972
863,managed,1130,91,9.1775
864,unmanaged,44,15,0.0428456
864,managed,45,15,0.38561
865,unmanaged,1134,149,0.7328
865,managed,1135,149,2.93121
866,unmanaged,1137,79,0.63515
866,managed,1138,79,5.7164
867,unmanaged,1142,74,0.86264
867,managed,1143,74,7.7638
868,unmanaged,4,16,0.0321832
868,managed,5,16,0.289649
869,unmanaged,4,16,0.0496835
869,managed,5,16,0.447151
870,unmanaged,4,16,0.0253045
870,managed,5,16,0.22774
871,unmanaged,513,18,0.339894
871,managed,514,18,3.05904
872,unmanaged,4,25,0.199402
872,managed,5,25,1.79461
873,unmanaged,4,24,0.0133322
873,managed,5,24,0.11999
874,unmanaged,4,24,0.227526
874,managed,5,24,2.04774
875,unmanaged,1147,134,0.091034
875,managed,1148,134,0.81931
876,unmanaged,26,9,0.443816
876,managed,27,9,3.99434
877,unmanaged,4,5,0.076365
877,managed,5,5,0.68729
878,unmanaged,4,5,0.129428
878,managed,5,5,1.16486
879,unmanaged,4,5,0.0419091
879,managed,5,5,0.377182
880,unmanaged,4,5,0.265558
880,managed,5,5,2.39002
881,unmanaged,4,5,0.105166
881,managed,5,5,0.94649
882,unmanaged,4,5,0.172129
882,managed,5,5,1.54916
883,unmanaged,4,5,0.207348
883,managed,5,5,1.86613
884,unmanaged,1152,79,1.0428
884,managed,1153,79,4.1712
885,unmanaged,1155,74,0.77402
885,managed,1156,74,6.9661
886,unmanaged,1160,79,0.383394
886,managed,1161,79,3.45054
887,unmanaged,26,49,0.090068
887,managed,27,49,0.81061
888,unmanaged,26,49,0.017869
888,managed,27,49,0.160821
889,unmanaged,1165,74,0.242993
889,managed,1166,74,2.18693
890,unmanaged,1170,74,0.13882
890,managed,1171,74,1.24938
891,unmanaged,1170,74,0.151241
891,managed,1171,74,1.36117
892,unmanaged,11,16,0.59614
892,managed,12,16,5.3653
893,unmanaged,11,16,0.024066
893,managed,12,16,0.216594
894,unmanaged,11,16,0.0217515
894,managed,12,16,0.195764
895,unmanaged,1175,84,0.225083
895,managed,1176,84,2.02574
896,unmanaged,4,3,0.421047
896,managed,5,3,3.78942
897,unmanaged,1180,74,1.02089
897,managed,1181,74,9.188
898,unmanaged,16,57,0.14042
898,managed,17,57,1.26378
899,unmanaged,16,57,0.0380714
899,managed,17,57,0.342643
900,unmanaged,16,57,0.24466
900,managed,17,57,2.20194
901,unmanaged,16,57,0.106048
901,managed,17,57,0.95443
902,unmanaged,16,57,0.146427
902,managed,17,57,1.31784
903,unmanaged,1185,74,2.06654
903,managed,1186,74,18.5989
904,unmanaged,11,2,0.435857
904,managed,12,2,3.92272
905,unmanaged,1190,84,0.0223971
905,managed,1191,84,0.201574
906,unmanaged,1190,84,0.0419247
906,managed,1191,84,0.377322
907,unmanaged,1195,89,0.068728
907,managed,1196,89,0.61855
908,unmanaged,11,69,0.17338
908,managed,12,69,1.56042
909,unmanaged,1,51,0.374934
909,managed,2,51,3.37441
910,unmanaged,1200,89,0.282491
910,managed,1201,89,2.54242
911,unmanaged,1200,89,0.274023
911,managed,1201,89,2.46621
912,unmanaged,1200,89,0.168017
912,managed,1201,89,1.51215
913,unmanaged,1205,89,0.206857
913,managed,1206,89,1.86172
914,unmanaged,16,57,0.70413
914,managed,17,57,6.3372
915,unmanaged,1,54,0.81685
915,managed,2,54,7.3517
916,unmanaged,1,54,0.0268141
916,managed,2,54,0.241327
917,unmanaged,11,2,0.0404361
917,managed,12,2,0.363925
918,unmanaged,11,2,0.110154
918,managed,12,2,0.99139
919,unmanaged,11,2,0.0237819
919,managed,12,2,0.214037
920,unmanaged,11,2,0.0469557
920,managed,12,2,0.422602
921,unmanaged,16,47,0.53145
921,managed,17,47,4.78301
922,unmanaged,1210,74,1.08342
922,managed,1211,74,9.7507
923,unmanaged,1210,74,0.216743
923,managed,1211,74,1.95069
924,unmanaged,1210,74,0.407336
924,managed,1211,74,3.66602
925,unmanaged,11,54,0.238077
925,managed,12,54,2.1427
926,unmanaged,11,54,0.174544
926,managed,12,54,1.5709
927,unmanaged,1215,74,0.61438
927,managed,1216,74,5.5294
928,unmanaged,1220,79,0.248543
928,managed,1221,79,2.23689
929,unmanaged,1225,84,1.78526
930,unmanaged,44,44,0.063623
930,managed,45,44,0.5726
931,unmanaged,1226,84,0.214013
931,managed,1227,84,1.92612
932,unmanaged,1226,84,0.087024
932,managed,1227,84,0.78322
933,unmanaged,4,15,0.120939
933,managed,5,15,1.08845
934,unmanaged,16,52,0.134603
934,managed,17,52,1.21142
935,unmanaged,4,22,0.26746
935,managed,5,22,2.40714
936,unmanaged,1231,89,1.22975
936,managed,1232,89,11.0678
937,unmanaged,1236,149,1.96714
937,managed,1237,149,7.8685
938,unmanaged,1239,149,0.465927
938,managed,1240,149,1.86371
939,unmanaged,1242,114,0.61232
939,managed,1243,114,5.5109
940,unmanaged,26,54,0.478004
940,managed,27,54,4.30204
941,unmanaged,1247,74,0.132302
941,managed,1248,74,1.19072
942,unmanaged,1247,74,0.100783
942,managed,1248,74,0.90705
943,unmanaged,1252,79,0.72544
944,unmanaged,1252,79,1.14218
945,unmanaged,513,34,0.387546
945,managed,514,34,3.48792
946,unmanaged,1253,84,2.18382
947,unmanaged,1253,84,2.65519
948,unmanaged,1253,84,0.62177
949,unmanaged,1254,89,0.88345
949,managed,1255,89,7.9511
950,unmanaged,1254,89,0.057112
950,managed,1255,89,0.51401
951,unmanaged,513,54,0.12837
951,managed,514,54,1.15533
952,unmanaged,513,54,0.241914
952,managed,514,54,2.17723
953,unmanaged,513,1,0.101947
953,managed,514,1,0.91752
954,unmanaged,513,1,0.161773
954,managed,514,1,1.45596
955,unmanaged,16,49,0.8785
955,managed,17,49,7.9065
956,unmanaged,1259,89,0.147382
956,managed,1260,89,1.32644
957,unmanaged,1259,89,0.245873
957,managed,1260,89,2.21286
958,unmanaged,1264,89,0.176909
958,managed,1265,89,1.59219
959,unmanaged,16,57,0.376362
959,managed,17,57,3.38726
960,unmanaged,16,51,0.59095
960,managed,17,51,5.3185
961,unmanaged,16,51,0.13353
961,managed,17,51,1.20177
962,unmanaged,16,51,0.072041
962,managed,17,51,0.64837
963,unmanaged,1269,74,1.99869
963,managed,1270,74,17.9882
964,unmanaged,1269,74,0.396644
964,managed,1270,74,3.56979
965,unmanaged,1269,74,0.0189111
965,managed,1270,74,0.1702
966,unmanaged,1269,74,0.121916
966,managed,1270,74,1.09725
967,unmanaged,1269,74,0.0105192
967,managed,1270,74,0.094673
968,unmanaged,26,2,0.187167
968,managed,27,2,1.6845
969,unmanaged,1274,79,0.398185
969,managed,1275,79,3.58366
970,unmanaged,1279,74,0.431927
970,managed,1280,74,3.88734
971,unmanaged,1284,79,0.181029
971,managed,1285,79,1.62926
972,unmanaged,1289,89,0.194981
972,managed,1290,89,1.75483
973,unmanaged,1294,89,0.347107
973,managed,1295,89,3.12396
974,unmanaged,4,15,0.221017
974,managed,5,15,1.98915
975,unmanaged,4,15,0.124958
975,managed,5,15,1.12463
976,unmanaged,4,22,0.198506
976,managed,5,22,1.78655
977,unmanaged,1299,114,0.131467
977,managed,1300,114,1.1832
978,unmanaged,1304,79,1.15965
978,managed,1305,79,10.4369
979,unmanaged,1304,79,0.344446
979,managed,1305,79,3.10001
980,unmanaged,4,22,0.470465
980,managed,5,22,4.23418
982,unmanaged,1309,149,2.11237
982,managed,1310,149,8.4495
983,unmanaged,16,41,0.082548
983,managed,17,41,0.74293
984,unmanaged,16,41,0.0113068
984,managed,17,41,0.101761
985,unmanaged,639,54,0.73471
985,managed,640,54,2.93883
986,unmanaged,639,54,0.103663
986,managed,640,54,0.414654
987,unmanaged,4,46,0.17298
987,managed,5,46,1.55682
988,unmanaged,44,46,0.260598
988,managed,45,46,2.34538
989,unmanaged,4,22,0.52452
989,managed,5,22,4.7207
990,unmanaged,1312,79,0.70304
990,managed,1313,79,2.81217
991,unmanaged,99,69,1.47364
991,managed,100,69,5.8945
992,unmanaged,1315,79,0.073976
992,managed,1316,79,0.66578
993,unmanaged,1315,79,0.024952
993,managed,1316,79,0.224568
994,unmanaged,1315,79,0.191051
994,managed,1316,79,1.71946
995,unmanaged,1320,84,3.67819
996,unmanaged,1321,69,0.66151
997,unmanaged,1321,69,0.375576
998,unmanaged,4,14,0.232741
998,managed,5,14,2.09467
999,unmanaged,4,5,0.348288
999,managed,5,5,3.13459
1000,unmanaged,4,5,0.0260268
1000,managed,5,5,0.234241
1001,unmanaged,4,5,0.0474981
1001,managed,5,5,0.427483
1002,unmanaged,4,5,0.435971
1002,managed,5,5,3.92374
1003,unmanaged,4,5,0.095579
1003,managed,5,5,0.86021
1004,unmanaged,4,5,0.0360753
1004,managed,5,5,0.324678
1005,unmanaged,4,5,0.0143852
1005,managed,5,5,0.129467
1006,unmanaged,1322,74,0.0219841
1006,managed,1323,74,0.197857
1007,unmanaged,26,47,0.56088
1007,managed,27,47,5.048
1008,unmanaged,26,59,0.0318962
1008,managed,27,59,0.287065
1009,unmanaged,26,59,0.415466
1009,managed,27,59,3.73919
1010,unmanaged,1327,74,0.370362
1010,managed,1328,74,3.33326
1011,unmanaged,1332,84,0.213355
1011,managed,1333,84,1.92019
1012,unmanaged,1337,74,0.250542
1012,managed,1338,74,2.25487
1013,unmanaged,1342,74,0.0267642
1013,managed,1343,74,0.240877
1014,unmanaged,1347,84,0.403601
1014,managed,1348,84,3.63241
1015,unmanaged,1352,89,0.248753
1015,managed,1353,89,2.23878
1016,unmanaged,1357,149,3.20755
1016,managed,1358,149,12.8302
1017,unmanaged,1360,174,11.3925
1018,unmanaged,16,59,0.51997
1018,managed,17,59,4.67974
1019,unmanaged,16,59,0.051355
1019,managed,17,59,0.462195
1020,unmanaged,16,59,0.76065
1020,managed,17,59,6.8459
1021,unmanaged,16,34,0.97436
1021,managed,17,34,8.7692
1022,unmanaged,16,34,0.084385
1022,managed,17,34,0.75947
1023,unmanaged,1361,74,3.09092
1023,managed,1362,74,27.8183
1024,unmanaged,1361,74,0.0415444
1024,managed,1362,74,0.373899
1025,unmanaged,1361,74,0.03802
1025,managed,1362,74,0.34218
1026,unmanaged,21,2,0.057319
1026,managed,22,2,0.51587
1027,unmanaged,1366,84,0.0344071
1027,managed,1367,84,0.309664
1028,unmanaged,1366,84,0.157999
1028,managed,1367,84,1.42199
1029,unmanaged,1371,69,4.94357
1030,unmanaged,1372,74,0.160545
1030,managed,1373,74,1.4449
1031,unmanaged,1372,74,0.168487
1031,managed,1373,74,1.51638
1032,unmanaged,1372,74,0.53516
1032,managed,1373,74,4.81641
1033,unmanaged,1372,74,0.127736
1033,managed,1373,74,1.14962
1034,unmanaged,49,59,0.38164
1034,managed,50,59,3.43476
1035,unmanaged,639,54,0.465312
1035,managed,640,54,1.86125
1036,unmanaged,1377,64,1.13395
1037,unmanaged,1378,89,0.0147311
1037,managed,1379,89,0.13258
1038,unmanaged,11,5,0.97068
1038,managed,12,5,8.7361
1039,unmanaged,1383,89,0.07135
1039,managed,1384,89,0.64215
1040,unmanaged,1383,89,0.321036
1040,managed,1384,89,2.88932
1041,unmanaged,26,54,0.173502
1041,managed,27,54,1.56152
1042,unmanaged,26,54,0.279704
1042,managed,27,54,2.51734
1043,unmanaged,26,54,0.202563
1043,managed,27,54,1.82307
1044,unmanaged,1388,149,1.36914
1045,unmanaged,44,64,0.299278
1045,managed,45,64,2.6935
1046,unmanaged,1389,89,0.193713
1046,managed,1390,89,1.74342
1047,unmanaged,1394,74,0.096919
1047,managed,1395,74,0.87227
1048,unmanaged,1394,74,0.288081
1048,managed,1395,74,2.59273
1049,unmanaged,1399,79,1.15563
1049,managed,1400,79,10.4007
1050,unmanaged,1404,89,0.214767
1050,managed,1405,89,1.9329
1051,unmanaged,1404,89,0.153924
1051,managed,1405,89,1.38531
1052,unmanaged,1404,89,0.462441
1052,managed,1405,89,4.16196
1053,unmanaged,1409,89,0.042429
1053,managed,1410,89,0.381861
1054,unmanaged,1414,89,0.0109017
1054,managed,1415,89,0.098115
1055,unmanaged,1414,89,0.088688
1055,managed,1415,89,0.79819
1056,unmanaged,1419,89,0.061219
1056,managed,1420,89,0.55098
1057,unmanaged,1419,89,0.189855
1057,managed,1420,89,1.70869
1058,unmanaged,1419,89,0.0212299
1058,managed,1420,89,0.191069
1059,unmanaged,4,54,0.29488
1059,managed,5,54,2.65392
1060,unmanaged,1424,89,0.0205838
1060,managed,1425,89,0.185254
1061,unmanaged,1424,89,0.307889
1061,managed,1425,89,2.771
1062,unmanaged,1429,74,0.397798
1062,managed,1430,74,3.58018
1063,unmanaged,1434,79,0.252812
1063,managed,1435,79,2.27531
1064,unmanaged,1439,114,0.0126071
1064,managed,1440,114,0.113464
1065,unmanaged,1439,114,0.0320099
1065,managed,1440,114,0.288089
1066,unmanaged,1439,114,0.0328042
1066,managed,1440,114,0.295238
1067,unmanaged,1439,114,0.0178376
1067,managed,1440,114,0.160538
1068,unmanaged,1439,114,0.125591
1068,managed,1440,114,1.13032
1069,unmanaged,4,1,0.217631
1069,managed,5,1,1.95868
1070,unmanaged,1444,114,0.151057
1070,managed,1445,114,1.35951
1071,unmanaged,1449,154,0.227234
1071,managed,1450,154,2.04511
1072,unmanaged,1449,154,0.216108
1072,managed,1450,154,1.94497
1073,unmanaged,1454,174,9.7471
1074,unmanaged,4,69,0.220193
1074,managed,5,69,1.98173
1075,unmanaged,4,69,0.057872
1075,managed,5,69,0.52085
1076,unmanaged,4,69,0.084734
1076,managed,5,69,0.7626
1077,unmanaged,1455,74,0.0201409
1077,managed,1456,74,0.181268
1078,unmanaged,1455,74,0.0269684
1078,managed,1456,74,0.242716
1079,unmanaged,1455,74,0.028795
1079,managed,1456,74,0.259155
1080,unmanaged,1460,79,0.0232357
1080,managed,1461,79,0.209121
1081,unmanaged,1460,79,1.31778
1081,managed,1461,79,11.86
1082,unmanaged,513,69,0.346783
1082,managed,514,69,3.12105
1083,unmanaged,1465,89,0.096079
1083,managed,1466,89,0.86471
1084,unmanaged,1470,89,0.010018
1084,managed,1471,89,0.090162
1085,unmanaged,1470,89,0.0438026
1085,managed,1471,89,0.394223
1086,unmanaged,1470,89,0.0359378
1086,managed,1471,89,0.32344
1087,unmanaged,1470,89,0.0104142
1087,managed,1471,89,0.093727
1088,unmanaged,1470,89,0.0441204
1088,managed,1471,89,0.397083
1089,unmanaged,1470,89,0.099175
1089,managed,1471,89,0.89258
1090,unmanaged,1475,74,0.220139
1090,managed,1476,74,1.98125
1091,unmanaged,11,11,1.4761
1091,managed,12,11,13.2849
1092,unmanaged,1480,89,0.29455
1092,managed,1481,89,2.65095
1093,unmanaged,11,21,0.226753
1093,managed,12,21,2.04078
1094,unmanaged,1485,74,0.28162
1094,managed,1486,74,2.53458
1095,unmanaged,1485,74,0.221246
1095,managed,1486,74,1.99121
1096,unmanaged,1485,74,0.378773
1096,managed,1486,74,3.40895
1097,unmanaged,1485,74,0.0189716
1097,managed,1486,74,0.170744
1098,unmanaged,1490,149,2.09542
1098,managed,1491,149,8.3817
1099,unmanaged,1493,149,1.13757
1099,managed,1494,149,4.55027
1100,unmanaged,1496,89,0.61043
1100,managed,1497,89,5.4938
1101,unmanaged,26,54,0.059014
1101,managed,27,54,0.53113
1102,unmanaged,26,54,0.102475
1102,managed,27,54,0.92228
1103,unmanaged,1,16,0.494885
1103,managed,2,16,4.45397
1104,unmanaged,1501,79,0.05931
1104,managed,1502,79,0.53379
1105,unmanaged,4,21,0.061487
1105,managed,5,21,0.55339
1106,unmanaged,4,21,0.123798
1106,managed,5,21,1.11418
1107,unmanaged,1506,89,0.202441
1107,managed,1507,89,1.82197
1108,unmanaged,1506,89,0.71191
1108,managed,1507,89,6.4072
1109,unmanaged,1511,84,0.108773
1110,unmanaged,1511,84,3.83263
1111,unmanaged,1512,149,0.15416
1111,managed,1513,149,1.38744
1112,unmanaged,1512,149,0.0162037
1112,managed,1513,149,0.145833
1113,unmanaged,1512,149,0.179179
1113,managed,1513,149,1.61261
1114,unmanaged,4,12,0.013983
1114,managed,5,12,0.125847
1115,unmanaged,11,49,0.170965
1115,managed,12,49,1.53868
1116,unmanaged,1517,89,0.261202
1116,managed,1518,89,2.35082
1117,unmanaged,1517,89,0.215972
1117,managed,1518,89,1.94375
1118,unmanaged,16,49,0.152916
1118,managed,17,49,1.37625
1119,unmanaged,16,49,0.0129562
1119,managed,17,49,0.116606
1120,unmanaged,16,54,0.123993
1120,managed,17,54,1.11593
1121,unmanaged,16,54,0.61857
1121,managed,17,54,5.5671
1122,unmanaged,513,49,0.0320649
1122,managed,514,49,0.288584
1123,unmanaged,513,1,0.103817
1123,managed,514,1,0.93435
1124,unmanaged,513,1,0.52981
1124,managed,514,1,4.7683
1125,unmanaged,1522,74,0.402483
1125,managed,1523,74,3.62234
1126,unmanaged,1527,84,0.62779
1126,managed,1528,84,5.6501
1127,unmanaged,1532,84,4.08505
1128,unmanaged,1,52,0.379616
1128,managed,2,52,3.41654
1129,unmanaged,1533,89,0.324966
1129,managed,1534,89,2.9247
1130,unmanaged,16,59,0.14593
1130,managed,17,59,1.31337
1131,unmanaged,16,59,0.118612
1131,managed,17,59,1.06751
1132,unmanaged,1538,74,0.088682
1132,managed,1539,74,0.79814
1133,unmanaged,1538,74,0.198156
1133,managed,1539,74,1.78341
1134,unmanaged,1543,84,0.367532
1134,managed,1544,84,3.30779
1135,unmanaged,1,49,0.76608
1135,managed,2,49,6.8948
1136,unmanaged,11,14,0.92378
1136,managed,12,14,8.314
1137,unmanaged,11,25,0.121441
1137,managed,12,25,1.09297
1138,unmanaged,11,13,0.62619
1138,managed,12,13,5.6357
1139,unmanaged,1548,74,0.161526
1139,managed,1549,74,1.45374
1140,unmanaged,1553,79,2.15472
1140,managed,1554,79,19.3925
1141,unmanaged,1553,79,0.050382
1141,managed,1554,79,0.453439
1142,unmanaged,26,64,0.159519
1142,managed,27,64,1.43567
1143,unmanaged,26,64,0.175879
1143,managed,27,64,1.58291
1144,unmanaged,16,44,0.78215
1144,managed,17,44,7.0394
1145,unmanaged,1558,74,0.58848
1145,managed,1559,74,5.2963
1146,unmanaged,4,64,0.130774
1146,managed,5,64,1.17697
1147,unmanaged,4,64,0.0332972
1147,managed,5,64,0.299675
1148,unmanaged,1563,84,0.227867
1148,managed,1564,84,2.05081
1149,unmanaged,4,28,0.069236
1149,managed,5,28,0.62313
1150,unmanaged,1,14,0.71413
1150,managed,2,14,6.4271
1151,unmanaged,1,14,0.166575
1151,managed,2,14,1.49917
1152,unmanaged,16,44,0.410082
1152,managed,17,44,3.69074
1153,unmanaged,16,54,0.141462
1153,managed,17,54,1.27316
1154,unmanaged,16,54,0.448566
1154,managed,17,54,4.0371
1155,unmanaged,513,1,0.278901
1155,managed,514,1,2.51011
1156,unmanaged,1568,89,0.317367
1156,managed,1569,89,2.8563
1157,unmanaged,1573,89,0.406648
1157,managed,1574,89,3.65983
1158,unmanaged,1578,534,0.446159
1159,unmanaged,1578,534,10.6409
1160,unmanaged,44,28,0.061291
1160,managed,45,28,0.55162
1161,unmanaged,26,15,0.59655
1161,managed,27,15,5.3689
1162,unmanaged,26,15,0.0232213
1162,managed,27,15,0.208992
1163,unmanaged,26,15,0.0243546
1163,managed,27,15,0.219192
1164,unmanaged,1579,134,0.325061
1164,managed,1580,134,2.92554
1165,unmanaged,11,57,0.213847
1165,managed,12,57,1.92462
1166,unmanaged,1584,79,0.182142
1166,managed,1585,79,1.63928
1167,unmanaged,1584,79,0.0327511
1167,managed,1585,79,0.29476
1168,unmanaged,1584,79,0.0232145
1168,managed,1585,79,0.208931
1169,unmanaged,1584,79,0.069641
1169,managed,1585,79,0.62677
1170,unmanaged,1589,74,0.115368
1170,managed,1590,74,1.03831
1171,unmanaged,1589,74,0.497036
1171,managed,1590,74,4.47332
1172,unmanaged,1594,104,0.138758
1172,managed,1595,104,1.24882
1173,unmanaged,4,59,0.333913
1173,managed,5,59,3.00522
1174,unmanaged,4,59,0.130291
1174,managed,5,59,1.17262
1175,unmanaged,1599,69,0.286563
1175,managed,1600,69,2.57907
1176,unmanaged,1599,69,0.137805
1176,managed,1600,69,1.24025
1177,unmanaged,11,13,0.57268
1177,managed,12,13,5.1541
1178,unmanaged,4,6,0.0296159
1178,managed,5,6,0.266543
1179,unmanaged,4,6,0.60728
1179,managed,5,6,5.4655
1180,unmanaged,4,6,0.0100831
1180,managed,5,6,0.090748
1181,unmanaged,1602,69,1.46348
1182,unmanaged,26,54,0.261955
1182,managed,27,54,2.35759
1183,unmanaged,26,54,0.0201519
1183,managed,27,54,0.181367
1184,unmanaged,1603,87,0.262249
1184,managed,1604,87,2.36024
1185,unmanaged,1608,84,1.70029
1186,unmanaged,4,49,0.144098
1186,managed,5,49,1.29688
1187,unmanaged,4,49,0.060263
1187,managed,5,49,0.54237
1188,unmanaged,16,59,0.50361
1188,managed,17,59,4.53253
1189,unmanaged,16,59,0.194264
1189,managed,17,59,1.74838
1190,unmanaged,1609,74,4.4907
1191,unmanaged,1609,74,1.73538
1192,unmanaged,1609,74,2.50298
1193,unmanaged,1610,79,0.107419
1193,managed,1611,79,0.96677
1194,unmanaged,4,22,0.165158
1194,managed,5,22,1.48642
1195,unmanaged,1615,84,0.406176
1196,unmanaged,1615,84,5.0275
1197,unmanaged,1616,89,0.1284
1197,managed,1617,89,1.1556
1198,unmanaged,4,25,0.22602
1198,managed,5,25,2.03418
1199,unmanaged,16,54,0.50442
1199,managed,17,54,4.53977
1200,unmanaged,16,54,0.111363
1200,managed,17,54,1.00227
1201,unmanaged,16,54,0.483461
1201,managed,17,54,4.35115
1202,unmanaged,16,52,0.086151
1202,managed,17,52,0.77536
1203,unmanaged,16,52,0.87989
1203,managed,17,52,7.919
1204,unmanaged,16,52,0.0192416
1204,managed,17,52,0.173175
1205,unmanaged,16,52,0.035442
1205,managed,17,52,0.318978
1206,unmanaged,1621,84,0.67209
1207,unmanaged,1621,84,2.90169
1208,unmanaged,513,28,0.0292975
1208,managed,514,28,0.263678
1209,unmanaged,1599,9,0.040754
1209,managed,1600,9,0.366786
1210,unmanaged,1599,9,0.129696
1210,managed,1600,9,1.16726
1211,unmanaged,11,8,0.59112
1211,managed,12,8,5.3201
1212,unmanaged,11,4,0.0211596
1212,managed,12,4,0.190437
1213,unmanaged,11,4,0.40018
1213,managed,12,4,3.60162
1214,unmanaged,11,4,0.0391233
1214,managed,12,4,0.352109
1215,unmanaged,4,49,0.111833
1215,managed,5,49,1.00649
1216,unmanaged,1622,114,0.140168
1216,managed,1623,114,1.26151
1217,unmanaged,1,59,0.252066
1217,managed,2,59,2.2686
1218,unmanaged,4,54,0.178704
1218,managed,5,54,1.60833
1219,unmanaged,4,54,0.0229528
1219,managed,5,54,0.206575
1220,unmanaged,4,37,0.347613
1220,managed,5,37,3.12851
1221,unmanaged,1627,129,0.074498
1221,managed,1628,129,0.67048
1222,unmanaged,1632,84,0.21688
1222,managed,1633,84,1.95192
1223,unmanaged,1637,74,0.175488
1223,managed,1638,74,1.57939
1224,unmanaged,1642,114,1.11212
1224,managed,1643,114,10.0091
1225,unmanaged,1642,114,0.360748
1225,managed,1643,114,3.24673
1226,unmanaged,1647,114,2.76726
1227,unmanaged,1648,74,0.93904
1228,unmanaged,1648,74,0.448881
1229,unmanaged,1648,74,0.187088
1230,unmanaged,1648,74,0.86108
1231,unmanaged,1648,74,3.97099
1232,unmanaged,1648,74,0.104089
1233,unmanaged,1648,74,0.108082
1234,unmanaged,4,59,0.079291
1234,managed,5,59,0.71362
1235,unmanaged,1649,89,0.158604
1235,managed,1650,89,1.42744
1236,unmanaged,1654,84,0.134258
1236,managed,1655,84,1.20832
1237,unmanaged,513,23,0.0392103
1237,managed,514,23,0.352893
1238,unmanaged,4,15,0.332633
1238,managed,5,15,2.99369
1239,unmanaged,4,22,0.0106198
1239,managed,5,22,0.095578
1240,unmanaged,4,22,0.109741
1240,managed,5,22,0.98767
1241,unmanaged,4,24,0.0492355
1241,managed,5,24,0.44312
1242,unmanaged,4,24,0.0437852
1242,managed,5,24,0.394067
1243,unmanaged,1659,79,0.058958
1243,managed,1660,79,0.53062
1244,unmanaged,44,39,0.495963
1244,managed,45,39,4.46367
1245,unmanaged,1664,154,1.02018
1245,managed,1665,154,4.08071
1246,unmanaged,1667,84,0.60462
1246,managed,1668,84,5.4416
1247,unmanaged,1672,254,5.1132
1248,unmanaged,44,64,0.16487
1248,managed,45,64,1.48383
1249,unmanaged,1673,39,0.56434
1250,unmanaged,1673,39,2.20216
1251,unmanaged,1674,89,0.084725
1251,managed,1675,89,0.76253
1252,unmanaged,1674,89,0.0205744
1252,managed,1675,89,0.18517
1253,unmanaged,1674,89,0.130056
1253,managed,1675,89,1.17051
1254,unmanaged,513,37,0.238068
1254,managed,514,37,2.14261
1255,unmanaged,513,37,0.0139437
1255,managed,514,37,0.125493
1256,unmanaged,4,28,1.05987
1256,managed,5,28,9.5389
1257,unmanaged,4,22,0.168375
1257,managed,5,22,1.51538
1258,unmanaged,4,22,0.206803
1258,managed,5,22,1.86123
1259,unmanaged,4,22,0.313689
1259,managed,5,22,2.8232
1260,unmanaged,4,22,0.6135
1260,managed,5,22,5.5215
1261,unmanaged,4,22,0.185952
1261,managed,5,22,1.67357
1262,unmanaged,1679,114,0.95819
1262,managed,1680,114,8.6237
1263,unmanaged,1684,74,0.07089
1263,managed,1685,74,0.63801
1264,unmanaged,1689,74,0.73997
1264,managed,1690,74,6.6598
1265,unmanaged,1689,74,0.30015
1265,managed,1690,74,2.70135
1266,unmanaged,4,19,0.157356
1266,managed,5,19,1.41621
1267,unmanaged,1694,79,0.195694
1267,managed,1695,79,1.76125
1268,unmanaged,1694,79,0.0415474
1268,managed,1695,79,0.373927
1269,unmanaged,1694,79,0.014251
1269,managed,1695,79,0.128259
1270,unmanaged,1699,84,0.89792
1271,unmanaged,1699,84,2.66966
1272,unmanaged,1700,74,0.25073
1272,managed,1701,74,2.25657
1273,unmanaged,1705,86,1.91369
1273,managed,1706,86,17.2232
1274,unmanaged,1710,74,0.129639
1274,managed,1711,74,1.16675
1275,unmanaged,1715,134,1.95727
1276,unmanaged,1716,149,0.97396
1276,managed,1717,149,3.89582
1277,unmanaged,1719,79,0.0123876
1277,managed,1720,79,0.111489
1278,unmanaged,1719,79,0.062909
1278,managed,1720,79,0.56618
1279,unmanaged,49,52,0.111051
1279,managed,50,52,0.99946
1280,unmanaged,49,52,0.0240707
1280,managed,50,52,0.216636
1281,unmanaged,4,15,0.19312
1281,managed,5,15,1.73808
1282,unmanaged,4,17,0.30715
1282,managed,5,17,2.76435
1283,unmanaged,44,12,0.02306
1283,managed,45,12,0.20754
1284,unmanaged,44,12,0.262567
1284,managed,45,12,2.3631
1285,unmanaged,11,4,0.104688
1285,managed,12,4,0.94219
1286,unmanaged,11,4,0.301526
1286,managed,12,4,2.71374
1287,unmanaged,11,4,0.013886
1287,managed,12,4,0.124974
1288,unmanaged,4,5,0.0102469
1288,managed,5,5,0.092222
1289,unmanaged,4,5,0.0285249
1289,managed,5,5,0.256724
1290,unmanaged,4,5,0.0377018
1290,managed,5,5,0.339316
1291,unmanaged,4,5,0.0205562
1291,managed,5,5,0.185006
1292,unmanaged,4,5,0.0392113
1292,managed,5,5,0.352902
1293,unmanaged,4,5,0.0433678
1293,managed,5,5,0.39031
1294,unmanaged,4,5,0.0349974
1294,managed,5,5,0.314976
1295,unmanaged,11,70,0.079239
1295,managed,12,70,0.71315
1296,unmanaged,11,70,0.52498
1296,managed,12,70,4.7248
1297,unmanaged,1599,6,0.011376
1297,managed,1600,6,0.102384
1298,unmanaged,49,34,0.156937
1298,managed,50,34,1.41243
1299,unmanaged,4,44,0.0435049
1299,managed,5,44,0.391544
1300,unmanaged,16,59,0.123723
1300,managed,17,59,1.11351
1301,unmanaged,513,39,0.70886
1301,managed,514,39,6.3798
1302,unmanaged,513,39,0.375982
1302,managed,514,39,3.38384
1303,unmanaged,513,39,0.62349
1303,managed,514,39,5.6114
1304,unmanaged,513,1,0.124463
1304,managed,514,1,1.12017
1305,unmanaged,513,1,0.221694
1305,managed,514,1,1.99525
1306,unmanaged,513,1,0.0499675
1306,managed,514,1,0.449708
1307,unmanaged,513,1,0.0106102
1307,managed,514,1,0.095492
1308,unmanaged,1724,64,0.88248
1309,unmanaged,1724,64,0.91785
1310,unmanaged,1725,74,0.060445
1310,managed,1726,74,0.544
1311,unmanaged,1725,74,1.04463
1311,managed,1726,74,9.4016
1312,unmanaged,1730,71,1.08593
1312,managed,1731,71,9.7733
1313,unmanaged,1735,89,0.114947
1313,managed,1736,89,1.03453
1314,unmanaged,1740,84,0.256596
1314,managed,1741,84,2.30937
1315,unmanaged,1745,84,0.285103
1315,managed,1746,84,2.56593
1316,unmanaged,44,22,0.10275
1316,managed,45,22,0.92475
1317,unmanaged,44,22,0.211875
1317,managed,45,22,1.90688
1318,unmanaged,11,4,0.344024
1318,managed,12,4,3.09622
1319,unmanaged,4,46,0.215499
1319,managed,5,46,1.93949
1320,unmanaged,1750,44,1.05373
1321,unmanaged,1750,44,1.3605
1322,unmanaged,1750,44,1.1465
1323,unmanaged,513,49,0.0364679
1323,managed,514,49,0.328211
1324,unmanaged,513,49,0.221956
1324,managed,514,49,1.99761
1325,unmanaged,1751,79,0.099787
1325,managed,1752,79,0.89808
1326,unmanaged,4,31,0.237225
1326,managed,5,31,2.13502
1327,unmanaged,4,15,0.272545
1327,managed,5,15,2.45291
1328,unmanaged,1756,74,0.1118
1328,managed,1757,74,1.0062
1329,unmanaged,16,54,0.061075
1329,managed,17,54,0.54967
1330,unmanaged,16,54,0.62119
1330,managed,17,54,5.5907
1331,unmanaged,1761,79,2.5921
1332,unmanaged,44,44,0.209076
1332,managed,45,44,1.88169
1333,unmanaged,16,39,0.25098
1333,managed,17,39,2.25882
1334,unmanaged,16,39,0.101458
1334,managed,17,39,0.91312
1335,unmanaged,4,22,0.265233
1335,managed,5,22,2.38709
1336,unmanaged,4,24,0.070748
1336,managed,5,24,0.63673
1337,unmanaged,1762,79,0.254121
1337,managed,1763,79,2.28709
1339,unmanaged,4,22,0.06075
1339,managed,5,22,0.54675
1340,unmanaged,4,22,0.0377654
1340,managed,5,22,0.339889
1341,unmanaged,44,4,0.190019
1341,managed,45,4,1.71017
1342,unmanaged,1767,79,0.195217
1342,managed,1768,79,1.75695
1343,unmanaged,1772,84,1.10743
1343,managed,1773,84,9.9669
1344,unmanaged,1777,174,0.194438
1344,managed,1778,174,1.74994
1345,unmanaged,978,47,1.42398
1345,managed,979,47,5.6959
1346,unmanaged,4,69,0.170159
1346,managed,5,69,1.53143
1347,unmanaged,4,69,0.300523
1347,managed,5,69,2.70471
1348,unmanaged,4,69,1.37006
1348,managed,5,69,12.3305
1349,unmanaged,1782,149,0.085539
1349,managed,1783,149,0.76985
1350,unmanaged,1787,79,0.077612
1350,managed,1788,79,0.6985
1351,unmanaged,4,4,0.073899
1351,managed,5,4,0.66509
1352,unmanaged,4,37,0.199357
1352,managed,5,37,1.79421
1353,unmanaged,1792,79,0.195582
1353,managed,1793,79,1.76023
1354,unmanaged,44,69,0.206527
1354,managed,45,69,1.85875
1355,unmanaged,1797,69,1.76765
1356,unmanaged,4,34,0.105531
1356,managed,5,34,0.94978
1357,unmanaged,1798,74,0.199163
1357,managed,1799,74,1.79247
1358,unmanaged,1803,151,3.62385
1358,managed,1804,151,14.4954
1359,unmanaged,1806,134,0.74423
1359,managed,1807,134,6.698
1360,unmanaged,1811,89,0.19386
1360,managed,1812,89,1.74474
1361,unmanaged,1811,89,0.0282866
1361,managed,1812,89,0.25458
1362,unmanaged,4,28,0.58948
1362,managed,5,28,5.3053
1363,unmanaged,1816,89,0.162996
1363,managed,1817,89,1.46697
1364,unmanaged,1599,64,0.096193
1364,managed,1600,64,0.86574
1365,unmanaged,11,6,0.0438058
1365,managed,12,6,0.394252
1366,unmanaged,11,6,0.69187
1366,managed,12,6,6.2268
1367,unmanaged,1821,114,1.92043
1367,managed,1822,114,17.2839
1368,unmanaged,1821,114,0.0129181
1368,managed,1822,114,0.116263
1369,unmanaged,26,44,0.198954
1369,managed,27,44,1.79059
1370,unmanaged,26,44,0.295277
1370,managed,27,44,2.65749
1371,unmanaged,16,49,0.0133826
1371,managed,17,49,0.120443
1372,unmanaged,16,49,0.216468
1372,managed,17,49,1.94821
1373,unmanaged,16,49,0.44923
1373,managed,17,49,4.04307
1374,unmanaged,16,49,0.057521
1374,managed,17,49,0.51769
1375,unmanaged,4,34,0.163282
1375,managed,5,34,1.46954
1376,unmanaged,44,69,0.22419
1376,managed,45,69,2.01771
1377,unmanaged,4,61,0.165761
1377,managed,5,61,1.49185
1378,unmanaged,4,61,0.071628
1378,managed,5,61,0.64465
1379,unmanaged,4,61,0.056016
1379,managed,5,61,0.50414
1380,unmanaged,4,59,0.54628
1380,managed,5,59,4.91651
1381,unmanaged,4,69,0.168324
1381,managed,5,69,1.51492
1382,unmanaged,1826,91,0.471694
1382,managed,1827,91,4.24525
1383,unmanaged,26,39,0.192447
1383,managed,27,39,1.73203
1384,unmanaged,16,49,0.190135
1384,managed,17,49,1.71122
1385,unmanaged,16,49,0.100288
1385,managed,17,49,0.90259
1386,unmanaged,16,49,0.383371
1386,managed,17,49,3.45034
1387,unmanaged,1831,109,0.13067
1387,managed,1832,109,1.17603
1388,unmanaged,1836,79,0.0149051
1388,managed,1837,79,0.134146
1389,unmanaged,26,5,0.085749
1389,managed,27,5,0.77174
1390,unmanaged,513,64,0.258417
1390,managed,514,64,2.32575
1391,unmanaged,16,54,1.09236
1391,managed,17,54,9.8313
1392,unmanaged,4,39,0.0115925
1392,managed,5,39,0.104332
1393,unmanaged,4,39,0.31108
1393,managed,5,39,2.79972
1394,unmanaged,26,39,0.0399943
1394,managed,27,39,0.359949
1395,unmanaged,26,39,0.104405
1395,managed,27,39,0.93964
1396,unmanaged,26,39,0.53815
1396,managed,27,39,4.84331
1397,unmanaged,26,39,0.209851
1397,managed,27,39,1.88866
1398,unmanaged,4,64,0.136091
1398,managed,5,64,1.22482
1399,unmanaged,1841,64,0.90789
1400,unmanaged,1841,64,2.69165
1401,unmanaged,1,31,0.0295112
1401,managed,2,31,0.2656
1402,unmanaged,4,28,0.130471
1402,managed,5,28,1.17424
1403,unmanaged,26,5,1.04549
1403,managed,27,5,9.4094
1404,unmanaged,4,44,0.222288
1404,managed,5,44,2.00059
1405,unmanaged,4,28,0.0253258
1405,managed,5,28,0.227932
1406,unmanaged,1842,109,0.400596
1406,managed,1843,109,3.60537
1407,unmanaged,26,54,0.139085
1407,managed,27,54,1.25177
1408,unmanaged,26,54,0.163302
1408,managed,27,54,1.46972
1409,unmanaged,4,39,0.463901
1409,managed,5,39,4.17511
1410,unmanaged,4,4,0.128776
1410,managed,5,4,1.15898
1411,unmanaged,1847,149,0.21581
1411,managed,1848,149,1.94229
1412,unmanaged,4,64,0.058105
1412,managed,5,64,0.52294
1413,unmanaged,4,64,0.33777
1413,managed,5,64,3.03993
1414,unmanaged,1852,23,0.133335
1414,managed,1853,23,1.20002
1415,unmanaged,1,23,0.083807
1415,managed,2,23,0.75426
1416,unmanaged,1857,114,0.0139075
1416,managed,1858,114,0.125167
1417,unmanaged,4,28,0.0485216
1417,managed,5,28,0.436694
1418,unmanaged,1862,149,0.80663
1418,managed,1863,149,7.2597
1419,unmanaged,4,10,0.017693
1419,managed,5,10,0.159237
1420,unmanaged,4,10,0.339415
1420,managed,5,10,3.05473
1421,unmanaged,4,10,0.027436
1421,managed,5,10,0.246924
1422,unmanaged,4,44,0.064567
1422,managed,5,44,0.58111
1423,unmanaged,1599,64,0.18521
1423,managed,1600,64,1.66689
1424,unmanaged,1599,64,0.23483
1424,managed,1600,64,2.11347
1425,unmanaged,4,46,0.088013
1425,managed,5,46,0.79212
1426,unmanaged,4,46,0.030922
1426,managed,5,46,0.278298
1427,unmanaged,1867,74,0.365358
1427,managed,1868,74,3.28822
1428,unmanaged,1872,74,0.58172
1428,managed,1873,74,5.2355
1429,unmanaged,1872,74,0.0264022
1429,managed,1873,74,0.23762
1430,unmanaged,4,61,0.57133
1430,managed,5,61,5.142
1431,unmanaged,4,61,0.195091
1431,managed,5,61,1.75582
1432,unmanaged,1,64,0.336375
1432,managed,2,64,3.02738
1433,unmanaged,1877,74,0.335456
1434,unmanaged,1877,74,6.3364
1435,unmanaged,1878,89,0.86947
1435,managed,1879,89,7.8253
1436,unmanaged,1883,134,2.16877
1436,managed,1884,134,8.6751
1437,unmanaged,1883,134,0.148264
1437,managed,1884,134,0.59305
1438,unmanaged,1883,134,0.471365
1438,managed,1884,134,1.88546
1439,unmanaged,16,1,0.160692
1439,managed,17,1,1.44623
1440,unmanaged,4,64,0.428781
1440,managed,5,64,3.85902
1441,unmanaged,1886,79,1.03963
1441,managed,1887,79,4.15851
1442,unmanaged,4,39,0.174415
1442,managed,5,39,1.56973
1443,unmanaged,1889,149,0.297022
1443,managed,1890,149,2.6732
1444,unmanaged,1894,149,0.130655
1444,managed,1895,149,1.17589
1445,unmanaged,1894,149,0.0182
1445,managed,1895,149,0.1638
1446,unmanaged,1894,149,0.127059
1446,managed,1895,149,1.14353
1447,unmanaged,1852,49,0.262348
1447,managed,1853,49,2.36113
1448,unmanaged,1899,129,0.0348608
1448,managed,1900,129,0.313747
1449,unmanaged,1899,129,0.0108346
1449,managed,1900,129,0.097512
1450,unmanaged,1599,64,0.154131
1450,managed,1600,64,1.38718
1451,unmanaged,1599,64,0.218923
1451,managed,1600,64,1.97031
1452,unmanaged,16,49,0.0361617
1452,managed,17,49,0.325455
1453,unmanaged,16,49,0.172895
1453,managed,17,49,1.55606
1454,unmanaged,26,57,0.060105
1454,managed,27,57,0.54095
1455,unmanaged,26,57,0.230415
1455,managed,27,57,2.07374
1456,unmanaged,4,49,0.80587
1456,managed,5,49,7.2529
1457,unmanaged,4,49,0.081928
1457,managed,5,49,0.73735
1458,unmanaged,1599,44,0.175615
1458,managed,1600,44,1.58053
1459,unmanaged,1904,54,0.147924
1460,unmanaged,1904,54,1.17312
1461,unmanaged,4,44,0.247428
1461,managed,5,44,2.22685
1462,unmanaged,4,44,0.0204945
1462,managed,5,44,0.18445
1463,unmanaged,4,21,0.118125
1463,managed,5,21,1.06313
1464,unmanaged,4,59,0.373761
1464,managed,5,59,3.36384
1465,unmanaged,1905,59,9.276
1466,unmanaged,1906,134,0.0201305
1466,managed,1907,134,0.181174
1467,unmanaged,1906,134,0.071164
1467,managed,1907,134,0.64048
1468,unmanaged,1906,134,0.0141959
1468,managed,1907,134,0.127763
1469,unmanaged,1906,134,0.426217
1469,managed,1907,134,3.83595
1470,unmanaged,513,34,0.0139706
1470,managed,514,34,0.125735
1471,unmanaged,513,34,0.59419
1471,managed,514,34,5.3477
1472,unmanaged,513,34,0.77429
1472,managed,514,34,6.9686
1473,unmanaged,1911,149,0.0220792
1473,managed,1912,149,0.198712
1474,unmanaged,1916,134,0.82422
1474,managed,1917,134,7.418
1475,unmanaged,1921,134,0.87327
1475,managed,1922,134,7.8595
1476,unmanaged,1926,89,0.475388
1476,managed,1927,89,4.27849
1477,unmanaged,1931,11,0.434313
1477,managed,1932,11,3.90882
1478,unmanaged,513,54,0.099408
1478,managed,514,54,0.89467
1479,unmanaged,4,54,0.258805
1479,managed,5,54,2.32924
1480,unmanaged,4,54,0.066875
1480,managed,5,54,0.60188
1481,unmanaged,513,44,0.0305083
1481,managed,514,44,0.274575
1482,unmanaged,513,44,0.221568
1482,managed,514,44,1.99411
1483,unmanaged,1936,134,0.495456
1483,managed,1937,134,4.45911
1484,unmanaged,513,30,0.080468
1484,managed,514,30,0.72421
1485,unmanaged,4,30,0.151076
1485,managed,5,30,1.35969
1486,unmanaged,4,29,0.218086
1486,managed,5,29,1.96277
1487,unmanaged,4,29,0.381773
1487,managed,5,29,3.43595
1488,unmanaged,4,4,1.21413
1488,managed,5,4,10.9272
1489,unmanaged,1599,64,0.113127
1489,managed,1600,64,1.01814
1490,unmanaged,1941,154,4.23628
1490,managed,1942,154,16.9451
1491,unmanaged,4,46,0.182782
1491,managed,5,46,1.64504
1492,unmanaged,1944,149,0.265823
1492,managed,1945,149,2.39241
1493,unmanaged,1944,149,0.0117181
1493,managed,1945,149,0.105463
1494,unmanaged,4,44,0.1199
1494,managed,5,44,1.0791
1495,unmanaged,4,44,0.052622
1495,managed,5,44,0.473595
1496,unmanaged,4,36,0.184004
1496,managed,5,36,1.65604
1497,unmanaged,4,69,0.80704
1497,managed,5,69,7.2633
1498,unmanaged,4,4,0.086951
1498,managed,5,4,0.78256
1499,unmanaged,4,59,0.342312
1499,managed,5,59,3.08081
1500,unmanaged,1949,114,0.087582
1500,managed,1950,114,0.78824
1501,unmanaged,4,49,0.155085
1501,managed,5,49,1.39576
1502,unmanaged,1852,39,0.94973
1502,managed,1853,39,8.5476
1503,unmanaged,1852,39,0.31437
1503,managed,1853,39,2.82933
1504,unmanaged,11,5,0.083953
1504,managed,12,5,0.75558
1505,unmanaged,1599,54,0.172996
1505,managed,1600,54,1.55696
1506,unmanaged,1599,54,0.101992
1506,managed,1600,54,0.91793
1507,unmanaged,1599,61,0.20214
1507,managed,1600,61,1.81926
1508,unmanaged,4,54,0.133651
1508,managed,5,54,1.20286
1509,unmanaged,4,54,0.238461
1509,managed,5,54,2.14615
1510,unmanaged,4,64,0.23681
1510,managed,5,64,2.13129
1511,unmanaged,4,64,0.5445
1511,managed,5,64,4.90054
1512,unmanaged,4,39,0.357125
1512,managed,5,39,3.21413
1513,unmanaged,26,14,0.98321
1513,managed,27,14,8.8489
1514,unmanaged,26,14,0.0188972
1514,managed,27,14,0.170075
1515,unmanaged,4,64,0.122438
1515,managed,5,64,1.10195
1516,unmanaged,4,54,0.135093
1516,managed,5,54,1.21583
1517,unmanaged,1954,149,0.13761
1517,managed,1955,149,1.23849
1518,unmanaged,1954,149,0.134834
1518,managed,1955,149,1.21351
1519,unmanaged,1954,149,0.33266
1519,managed,1955,149,2.99394
1520,unmanaged,1954,149,0.116331
1520,managed,1955,149,1.04698
1521,unmanaged,1954,149,0.0225833
1521,managed,1955,149,0.20325
1522,unmanaged,4,59,0.082274
1522,managed,5,59,0.74046
1523,unmanaged,4,59,0.64561
1523,managed,5,59,5.8105
1524,unmanaged,4,39,0.0131374
1524,managed,5,39,0.118237
1525,unmanaged,4,39,0.247338
1525,managed,5,39,2.22604
1526,unmanaged,4,37,0.440708
1526,managed,5,37,3.96637
1527,unmanaged,4,35,0.0198394
1527,managed,5,35,0.178554
1528,unmanaged,4,35,0.63375
1528,managed,5,35,5.7038
1529,unmanaged,4,34,0.92532
1529,managed,5,34,8.3278
1530,unmanaged,16,59,0.097769
1530,managed,17,59,0.87992
1531,unmanaged,16,59,0.0244206
1531,managed,17,59,0.219786
1532,unmanaged,16,3,0.131564
1532,managed,17,3,1.18408
1533,unmanaged,16,3,0.110856
1533,managed,17,3,0.99771
1534,unmanaged,16,3,0.496079
1534,managed,17,3,4.46471
1535,unmanaged,4,49,0.224347
1535,managed,5,49,2.01912
1536,unmanaged,4,39,0.266086
1536,managed,5,39,2.39477
1537,unmanaged,4,39,0.0305499
1537,managed,5,39,0.27495
1538,unmanaged,4,46,0.495118
1538,managed,5,46,4.45606
1539,unmanaged,4,49,0.248701
1539,managed,5,49,2.23831
1540,unmanaged,4,49,0.158227
1540,managed,5,49,1.42404
1541,unmanaged,4,36,0.0386545
1541,managed,5,36,0.347891
1542,unmanaged,4,39,0.062274
1542,managed,5,39,0.56047
1543,unmanaged,4,39,0.0269113
1543,managed,5,39,0.242201
1544,unmanaged,1599,44,0.270392
1544,managed,1600,44,2.43353
1545,unmanaged,1599,44,0.0349801
1545,managed,1600,44,0.314821
1546,unmanaged,1599,44,0.108506
1546,managed,1600,44,0.97655
1547,unmanaged,16,49,0.435017
1547,managed,17,49,3.91516
1548,unmanaged,16,49,0.339661
1548,managed,17,49,3.05695
1549,unmanaged,4,37,0.64944
1549,managed,5,37,5.8449
1550,unmanaged,4,34,0.131867
1550,managed,5,34,1.1868
1551,unmanaged,4,44,0.206963
1551,managed,5,44,1.86266
1552,unmanaged,4,44,0.082408
1552,managed,5,44,0.74167
1553,unmanaged,1599,42,0.105069
1553,managed,1600,42,0.94563
1554,unmanaged,1599,44,0.107663
1554,managed,1600,44,0.96897
1555,unmanaged,1599,44,0.05768
1555,managed,1600,44,0.51912
1556,unmanaged,1599,49,0.175402
1556,managed,1600,49,1.57862
1557,unmanaged,4,54,0.144304
1557,managed,5,54,1.29873
1558,unmanaged,4,54,0.140407
1558,managed,5,54,1.26366
1559,unmanaged,1959,64,1.45104
1560,unmanaged,4,54,0.64313
1560,managed,5,54,5.7881
1561,unmanaged,44,39,0.107175
1561,managed,45,39,0.96457
1562,unmanaged,4,39,0.0404522
1562,managed,5,39,0.36407
1563,unmanaged,1599,44,0.217613
1563,managed,1600,44,1.95852
1564,unmanaged,4,49,0.459832
1564,managed,5,49,4.13849
1565,unmanaged,1599,59,0.062427
1565,managed,1600,59,0.56184
1566,unmanaged,16,49,0.159317
1566,managed,17,49,1.43385
1567,unmanaged,4,49,0.23706
1567,managed,5,49,2.13354
1568,unmanaged,4,38,0.0118576
1568,managed,5,38,0.106719
1569,unmanaged,4,38,0.412318
1569,managed,5,38,3.71086
1570,unmanaged,4,57,0.151605
1570,managed,5,57,1.36445
1571,unmanaged,1599,44,0.056003
1571,managed,1600,44,0.50403
1572,unmanaged,1599,44,0.160994
1572,managed,1600,44,1.44894
1573,unmanaged,4,34,0.83109
1573,managed,5,34,7.4798
1574,unmanaged,4,44,0.187162
1574,managed,5,44,1.68446
1575,unmanaged,4,44,0.211422
1575,managed,5,44,1.90279
1576,unmanaged,4,52,0.59697
1576,managed,5,52,5.3727
1577,unmanaged,4,46,0.0183287
1577,managed,5,46,0.164958
1578,unmanaged,1960,134,0.0475229
1578,managed,1961,134,0.427706
1579,unmanaged,1960,134,0.481642
1579,managed,1961,134,4.33478
1580,unmanaged,1960,134,1.88804
1580,managed,1961,134,16.9923
1581,unmanaged,1599,52,0.418061
1581,managed,1600,52,3.76255
1582,unmanaged,1599,49,0.176001
1582,managed,1600,49,1.58401
1583,unmanaged,1599,49,0.057012
1583,managed,1600,49,0.51311
1584,unmanaged,1599,44,0.164379
1584,managed,1600,44,1.47941
1585,unmanaged,1599,44,0.0282403
1585,managed,1600,44,0.254162
1586,unmanaged,1599,49,0.075448
1586,managed,1600,49,0.67904
1587,unmanaged,4,34,0.117118
1587,managed,5,34,1.05407
1588,unmanaged,4,34,0.0135187
1588,managed,5,34,0.121669
1589,unmanaged,4,34,0.72502
1589,managed,5,34,6.5252
1590,unmanaged,4,59,0.325777
1590,managed,5,59,2.932
1591,unmanaged,4,52,0.215173
1591,managed,5,52,1.93656
1592,unmanaged,1599,44,0.083032
1592,managed,1600,44,0.74729
1593,unmanaged,4,39,0.16938
1593,managed,5,39,1.52442
1594,unmanaged,1965,84,0.414312
1594,managed,1966,84,3.72881
1595,unmanaged,1599,45,0.0272386
1595,managed,1600,45,0.245148
1596,unmanaged,1599,45,0.416182
1596,managed,1600,45,3.74564
1597,unmanaged,1599,45,0.27141
1597,managed,1600,45,2.44269
1598,unmanaged,1599,45,0.169786
1598,managed,1600,45,1.52808
1599,unmanaged,1599,45,0.0321923
1599,managed,1600,45,0.28973
1600,unmanaged,4,52,0.60255
1600,managed,5,52,5.4229
1601,unmanaged,4,49,0.232196
1601,managed,5,49,2.08976
1602,unmanaged,1970,25,0.75577
1603,unmanaged,1970,25,0.57664
1605,unmanaged,1971,89,2.03031
1606,unmanaged,1972,89,0.86432
1607,unmanaged,1972,89,1.51362
1608,unmanaged,1973,89,1.01539
1609,unmanaged,1974,91,0.130452
1610,unmanaged,1974,91,0.284441
1611,unmanaged,1975,49,0.167226
1612,unmanaged,1976,149,0.49415
1613,unmanaged,1977,149,0.66228
1614,unmanaged,1978,89,0.7899
1616,unmanaged,1979,84,0.129075
1618,unmanaged,1980,79,0.14833
1619,unmanaged,1981,54,0.50294
1620,unmanaged,1981,54,0.57006
1621,unmanaged,1982,74,0.482327
1622,unmanaged,1983,149,3.06339
1623,unmanaged,1984,129,1.62525
1624,unmanaged,1985,149,1.0436
1625,unmanaged,1986,49,1.00399
1626,unmanaged,1987,129,0.62352
1627,unmanaged,1988,79,1.29405
1628,unmanaged,1989,12,0.190141
1629,unmanaged,1990,37,0.104551
1630,unmanaged,1991,59,0.70868
1631,unmanaged,1992,74,0.100994
1632,unmanaged,1992,74,1.21101
1633,unmanaged,1993,79,0.437409
1634,unmanaged,1994,5,0.11493
1635,unmanaged,1995,61,0.211518
1636,unmanaged,1996,64,1.73642
1637,unmanaged,1997,28,0.191742
1638,unmanaged,1998,129,3.62107
1639,unmanaged,1999,149,1.69714
1640,unmanaged,2000,39,1.54935
1641,unmanaged,2000,39,0.37004
1642,unmanaged,2001,59,0.120993
1643,unmanaged,2002,46,0.444366
1644,unmanaged,2003,59,0.192911
1645,unmanaged,2004,69,0.448356
1647,unmanaged,2005,59,0.1991
1648,unmanaged,2006,134,0.283265
1649,unmanaged,2007,54,1.27962
1650,unmanaged,2008,28,0.61151
1651,unmanaged,2009,14,0.82548
1653,unmanaged,2010,46,1.49328
1654,unmanaged,2011,534,0.416787
1655,unmanaged,2012,134,0.454566
1656,unmanaged,2013,74,0.368191
1657,unmanaged,2014,61,0.69459
1658,unmanaged,2015,74,0.60534
1659,unmanaged,2016,54,1.38231
1660,unmanaged,2016,54,0.114042
1661,unmanaged,2017,30,0.482929
1662,unmanaged,2018,29,1.12805
1663,unmanaged,2019,54,0.132707
1664,unmanaged,2020,57,0.108904
1665,unmanaged,2021,134,2.42173
1666,unmanaged,1992,74,0.298293
1667,unmanaged,1993,79,0.112693
1668,unmanaged,2022,74,0.209413
1669,unmanaged,2023,74,2.47061
1671,unmanaged,2024,149,0.63106
1672,unmanaged,2025,149,0.212826
1675,unmanaged,2026,49,0.137921
1677,unmanaged,2027,84,0.2095
1678,unmanaged,2027,84,0.207621
1682,unmanaged,2028,114,0.105832
1685,unmanaged,2029,74,0.203434
1686,unmanaged,2029,74,2.16337
1688,unmanaged,2030,74,1.31749
1689,unmanaged,2031,149,0.123187
1690,unmanaged,2032,49,0.347598
1691,unmanaged,2033,114,7.0814
1692,unmanaged,2033,114,0.379768
1693,unmanaged,2033,114,0.105755
1694,unmanaged,2034,54,1.2079
1695,unmanaged,2035,64,0.387393
1696,unmanaged,2036,74,0.56558
1697,unmanaged,2037,39,0.404043
1698,unmanaged,2037,39,0.162375
1699,unmanaged,2038,114,1.28399
1700,unmanaged,2039,39,0.72915
1701,unmanaged,2040,102,0.480533
1703,unmanaged,2041,99,0.10472
1704,unmanaged,2041,99,2.76178
1705,unmanaged,2042,99,0.65867
1706,unmanaged,2043,79,0.179519
1707,unmanaged,2044,59,2.03819
1708,unmanaged,2045,59,0.441813
1709,unmanaged,2023,74,0.256983
1710,unmanaged,2046,149,0.330645
1711,unmanaged,2047,44,0.248613
1713,unmanaged,2046,149,0.162599
1715,unmanaged,2048,174,0.84217
1716,unmanaged,2048,174,0.355781
1717,unmanaged,2049,174,0.113103
1722,unmanaged,2050,204,0.63975
1724,unmanaged,2051,149,0.13241
1725,unmanaged,2052,144,1.97802
1726,unmanaged,2053,89,0.153513
1727,unmanaged,2054,134,0.385884
1728,unmanaged,2054,134,0.237377
1729,unmanaged,2054,134,0.132448
1731,unmanaged,2055,74,1.27879
1732,unmanaged,2055,74,0.70579
1733,unmanaged,2056,149,0.306606
1734,unmanaged,2057,79,0.247755
1735,unmanaged,2027,84,2.32268
1736,unmanaged,2058,149,0.245219
1737,unmanaged,2059,74,0.151942
1738,unmanaged,2059,74,0.319069
1739,unmanaged,2060,54,0.94781
1740,unmanaged,2061,79,3.91954
1741,unmanaged,2062,74,1.14881
1742,unmanaged,744,49,0.64924
1743,unmanaged,2063,79,0.55357
1744,unmanaged,2063,79,0.384302
1745,unmanaged,2064,64,0.371617
1746,unmanaged,2065,89,0.242852
1747,unmanaged,2066,79,1.47145
1748,unmanaged,2067,74,2.36266
1749,unmanaged,2068,134,0.57883
1750,unmanaged,2069,84,0.350722
1751,unmanaged,2070,84,1.09149
1752,unmanaged,2071,79,0.125729
1753,unmanaged,2072,74,0.244145
1754,unmanaged,2073,74,0.59664
1755,unmanaged,2074,79,1.759
1756,unmanaged,2075,69,2.25031
1757,unmanaged,2076,79,0.194356
1758,unmanaged,2077,51,0.154262
1759,unmanaged,2078,69,0.57421
1760,unmanaged,2079,64,1.18906
1761,unmanaged,2080,84,1.8692
1762,unmanaged,2081,84,0.63298
1763,unmanaged,2082,84,0.367137
1764,unmanaged,2083,74,1.10932
1765,unmanaged,2084,84,1.63851
1766,unmanaged,2085,64,0.215644
1767,unmanaged,2086,69,0.16367
1768,unmanaged,2087,64,0.213989
1769,unmanaged,2088,57,0.56323
1771,unmanaged,2089,149,0.22767
1772,unmanaged,2090,49,0.427392
1775,unmanaged,2090,49,0.200382
1776,unmanaged,2091,49,0.54145
1777,unmanaged,2092,49,0.63936
1779,unmanaged,2092,49,0.34847
1782,unmanaged,78,264,1.46924
1783,unmanaged,80,264,1.49134
1784,unmanaged,313,51,0.220799
1785,unmanaged,2093,54,0.268254
1786,unmanaged,2094,54,0.408674
1787,unmanaged,80,264,0.413565
1788,unmanaged,2095,19,0.144486
1789,unmanaged,2096,19,0.86263
1790,unmanaged,2097,304,2.29938
1791,unmanaged,2097,304,0.109651
1792,unmanaged,2098,84,0.66243
1793,unmanaged,2099,114,0.101629
1794,unmanaged,2100,79,2.5729
1795,unmanaged,2100,79,0.430346
1796,unmanaged,2101,79,1.44274
1797,unmanaged,2102,74,0.193459
1798,unmanaged,2103,79,1.5883
1799,unmanaged,2104,84,0.67382
1800,unmanaged,2105,154,1.68581
1801,unmanaged,26,5,0.0192477
1801,managed,27,5,0.17323
1802,unmanaged,1,31,0.89741
1802,managed,2,31,8.0767
1803,unmanaged,16,49,0.0187865
1803,managed,17,49,0.169078
1817,unmanaged,2106,39,5.3558
1818,unmanaged,26,11,0.343517
1818,managed,27,11,3.09165
1819,unmanaged,16,16,0.328446
1819,managed,17,16,2.95601
1820,unmanaged,11,10,0.174942
1820,managed,12,10,1.57448
1821,unmanaged,4,25,0.0278923
1821,managed,5,25,0.251031
1823,unmanaged,117,304,8.1757
1825,unmanaged,44,13,0.0157301
1825,managed,45,13,0.141571
1826,unmanaged,11,5,1.18892
1826,managed,12,5,10.7002
1827,unmanaged,1,51,0.59743
1827,managed,2,51,5.3769
1828,unmanaged,26,44,0.9022
1828,managed,27,44,8.1198
1829,unmanaged,11,8,0.52223
1829,managed,12,8,4.70004
1830,unmanaged,1,47,0.031066
1830,managed,2,47,0.279594
1831,unmanaged,1,47,0.128872
1831,managed,2,47,1.15985
1832,unmanaged,16,46,0.0312862
1832,managed,17,46,0.281575
1833,unmanaged,16,46,0.97428
1833,managed,17,46,8.7685
1834,unmanaged,699,79,0.067714
1834,managed,700,79,0.60943
1835,unmanaged,11,64,0.389118
1835,managed,12,64,3.50206
1836,unmanaged,11,69,0.060536
1836,managed,12,69,0.54483
1837,unmanaged,11,69,0.156699
1837,managed,12,69,1.41029
1838,unmanaged,26,54,0.057655
1838,managed,27,54,0.5189
1839,unmanaged,21,54,0.099185
1839,managed,22,54,0.89266
1840,unmanaged,16,49,0.0211572
1840,managed,17,49,0.190415
1841,unmanaged,44,15,0.190369
1841,managed,45,15,1.71332
1842,unmanaged,44,15,0.265075
1842,managed,45,15,2.38568
1843,unmanaged,16,52,0.0101464
1843,managed,17,52,0.091318
1844,unmanaged,1439,114,0.142137
1844,managed,1440,114,1.27923
1845,unmanaged,1439,114,0.0214281
1845,managed,1440,114,0.192852
1846,unmanaged,1439,114,0.107407
1846,managed,1440,114,0.96666
1847,unmanaged,1439,114,0.304824
1847,managed,1440,114,2.74342
1848,unmanaged,1553,79,0.0183768
1848,managed,1554,79,0.165391
1849,unmanaged,1579,134,0.0391031
1849,managed,1580,134,0.351928
1850,unmanaged,1594,104,0.305709
1850,managed,1595,104,2.75138
1851,unmanaged,1594,104,0.0128574
1851,managed,1595,104,0.115717
1852,unmanaged,26,54,0.0180271
1852,managed,27,54,0.162244
1853,unmanaged,26,54,0.149087
1853,managed,27,54,1.34179
1854,unmanaged,26,54,0.141282
1854,managed,27,54,1.27153
1855,unmanaged,16,39,0.0368159
1855,managed,17,39,0.331343
1856,unmanaged,4,39,0.189941
1856,managed,5,39,1.70947
1857,unmanaged,4,39,0.089481
1857,managed,5,39,0.80533
1858,unmanaged,4,46,0.61568
1858,managed,5,46,5.5411
1859,unmanaged,2107,114,0.283825
1860,unmanaged,2057,79,0.263088
1861,unmanaged,2108,79,1.31317
1863,unmanaged,21,7,0.66538
1863,managed,22,7,5.9884
1864,unmanaged,2109,149,0.328882
1864,managed,2110,149,2.95994
1865,unmanaged,375,102,0.60288
1865,managed,376,102,5.4259
1866,unmanaged,16,49,0.57608
1866,managed,17,49,5.1847
1867,unmanaged,4,69,0.215765
1867,managed,5,69,1.94188
1868,unmanaged,2112,114,0.64722
1868,managed,2113,114,5.825
1869,unmanaged,513,34,0.263684
1869,managed,514,34,2.37316
