au_id,selected_rank,forest_cover_id,shape_area_ha,site_index,age_2020,terminal_vdyp_age,terminal_vdyp_volume
cwh_vm_1_cw_hw,5,124,0.7467510289572932,20.0,25,350,7.7479
cwh_vm_1_cw_hw,5,146,1.3054286172793432,13.0,64,350,76.7392
cwh_vm_1_cw_hw,5,714,0.3733595440594828,21.0,69,350,88.8224
cwh_vm_1_cw_hw,5,714,0.3733595440594828,21.0,69,350,88.8224
cwh_vm_1_cw_hw,5,714,0.3733595440594828,21.0,69,350,88.8224
cwh_vm_1_cw_hw,5,714,0.2613806771059299,21.0,69,350,88.8224
cwh_vm_1_cw_hw,5,714,0.2613806771059299,21.0,69,350,88.8224
cwh_vm_1_cw_hw,5,714,0.2613806771059299,21.0,69,350,88.8224
cwh_vm_1_cw_hw,5,714,1.4884193863184327,21.0,69,350,88.8224
cwh_vm_1_cw_hw,5,714,1.4884193863184327,21.0,69,350,88.8224
cwh_vm_1_cw_hw,5,714,1.4884193863184327,21.0,69,350,88.8224
cwh_vm_1_cw_hw,5,756,3.984723817172516,21.0,44,350,108.7058
cwh_vm_1_cw_hw,5,606,0.5032593905320892,24.0,74,350,123.6822
cwh_vm_1_cw_hw,5,606,0.5032593905320892,24.0,74,350,123.6822
cwh_vm_1_cw_hw,5,606,0.5032593905320892,24.0,74,350,123.6822
cwh_vm_1_cw_hw,5,606,0.1812459262939617,24.0,74,350,123.6822
cwh_vm_1_cw_hw,5,606,0.1812459262939617,24.0,74,350,123.6822
cwh_vm_1_cw_hw,5,606,0.1812459262939617,24.0,74,350,123.6822
cwh_vm_1_cw_hw,5,606,1.1488061210334166,24.0,74,350,123.6822
cwh_vm_1_cw_hw,5,606,1.1488061210334166,24.0,74,350,123.6822
cwh_vm_1_cw_hw,5,606,1.1488061210334166,24.0,74,350,123.6822
cwh_vm_1_cw_hw,5,242,2.8249112428961207,27.0,89,350,177.64799
cwh_vm_1_cw_hw,5,242,2.8249112428961207,27.0,89,350,177.64799
cwh_vm_1_cw_hw,5,242,2.8249112428961207,27.0,89,350,177.64799
cwh_vm_1_cw_hw,5,242,2.740232101265596,27.0,89,350,177.64799
cwh_vm_1_cw_hw,5,242,2.740232101265596,27.0,89,350,177.64799
cwh_vm_1_cw_hw,5,242,2.740232101265596,27.0,89,350,177.64799
cwh_vm_1_cw_hw,5,242,1.6801689279535568,27.0,89,350,177.64799
cwh_vm_1_cw_hw,5,242,1.6801689279535568,27.0,89,350,177.64799
cwh_vm_1_cw_hw,5,242,1.6801689279535568,27.0,89,350,177.64799
cwh_vm_1_cw_hw,5,220,1.5471917051296944,19.0,74,350,181.6376
cwh_vm_1_cw_hw,5,220,1.5471917051296944,19.0,74,350,181.6376
cwh_vm_1_cw_hw,5,220,1.0369117695996046,19.0,74,350,181.6376
cwh_vm_1_cw_hw,5,220,1.0369117695996046,19.0,74,350,181.6376
cwh_vm_1_cw_hw,5,1046,1.2762478058023798,18.0,69,350,188.4032
cwh_vm_1_cw_hw,5,1046,1.2762478058023798,18.0,69,350,188.4032
cwh_vm_1_cw_hw,5,1046,1.2762478058023798,18.0,69,350,188.4032
cwh_vm_1_cw_hw,5,1046,0.8233139909891168,18.0,69,350,188.4032
cwh_vm_1_cw_hw,5,1046,0.8233139909891168,18.0,69,350,188.4032
cwh_vm_1_cw_hw,5,1046,0.8233139909891168,18.0,69,350,188.4032
cwh_vm_1_cw_hw,5,1046,3.340465603780544,18.0,69,350,188.4032
cwh_vm_1_cw_hw,5,1046,3.340465603780544,18.0,69,350,188.4032
cwh_vm_1_cw_hw,5,1046,3.340465603780544,18.0,69,350,188.4032
cwh_vm_1_cw_hw,5,221,1.1613012853397322,17.0,204,350,199.18021
cwh_vm_1_cw_hw,5,221,1.1613012853397322,17.0,204,350,199.18021
cwh_vm_1_cw_hw,5,221,0.3186696811115524,17.0,204,350,199.18021
cwh_vm_1_cw_hw,5,221,0.3186696811115524,17.0,204,350,199.18021
cwh_vm_1_cw_hw,5,768,7.262452077803008,20.0,69,350,205.6925
cwh_vm_1_cw_hw,5,180,15.127364710628692,20.0,79,350,205.77692
cwh_vm_1_cw_hw,5,722,1.9574218007227009,21.0,69,350,214.20981
cwh_vm_1_cw_hw,5,1048,3.288822862867904,17.0,149,350,215.3718
cwh_vm_1_cw_hw,5,717,0.5156417362515525,21.0,74,350,218.74341
cwh_vm_1_cw_hw,5,717,0.5156417362515525,21.0,74,350,218.74341
cwh_vm_1_cw_hw,5,717,0.5156417362515525,21.0,74,350,218.74341
cwh_vm_1_cw_hw,5,717,0.5156417362515525,21.0,74,350,218.74341
cwh_vm_1_cw_hw,5,717,0.5156417362515525,21.0,74,350,218.74341
cwh_vm_1_cw_hw,5,717,0.5156417362515525,21.0,74,350,218.74341
cwh_vm_1_cw_hw,5,717,1.1152738780298586,21.0,74,350,218.74341
cwh_vm_1_cw_hw,5,717,1.1152738780298586,21.0,74,350,218.74341
cwh_vm_1_cw_hw,5,717,1.1152738780298586,21.0,74,350,218.74341
cwh_vm_1_cw_hw,5,717,1.1152738780298586,21.0,74,350,218.74341
cwh_vm_1_cw_hw,5,717,1.1152738780298586,21.0,74,350,218.74341
cwh_vm_1_cw_hw,5,717,1.1152738780298586,21.0,74,350,218.74341
cwh_vm_1_cw_hw,5,717,4.412574766200325,21.0,74,350,218.74341
cwh_vm_1_cw_hw,5,717,4.412574766200325,21.0,74,350,218.74341
cwh_vm_1_cw_hw,5,717,4.412574766200325,21.0,74,350,218.74341
cwh_vm_1_cw_hw,5,717,4.412574766200325,21.0,74,350,218.74341
cwh_vm_1_cw_hw,5,717,4.412574766200325,21.0,74,350,218.74341
cwh_vm_1_cw_hw,5,717,4.412574766200325,21.0,74,350,218.74341
cwh_vm_1_cw_hw,5,717,0.9374126212993972,21.0,74,350,218.74341
cwh_vm_1_cw_hw,5,717,0.9374126212993972,21.0,74,350,218.74341
cwh_vm_1_cw_hw,5,717,0.9374126212993972,21.0,74,350,218.74341
cwh_vm_1_cw_hw,5,717,0.9374126212993972,21.0,74,350,218.74341
cwh_vm_1_cw_hw,5,717,0.9374126212993972,21.0,74,350,218.74341
cwh_vm_1_cw_hw,5,717,0.9374126212993972,21.0,74,350,218.74341
cwh_vm_1_cw_hw,5,717,1.2787887366376396,21.0,74,350,218.74341
cwh_vm_1_cw_hw,5,717,1.2787887366376396,21.0,74,350,218.74341
cwh_vm_1_cw_hw,5,717,1.2787887366376396,21.0,74,350,218.74341
cwh_vm_1_cw_hw,5,717,1.2787887366376396,21.0,74,350,218.74341
cwh_vm_1_cw_hw,5,717,1.2787887366376396,21.0,74,350,218.74341
cwh_vm_1_cw_hw,5,717,1.2787887366376396,21.0,74,350,218.74341
cwh_vm_1_cw_hw,5,717,0.7057912496060962,21.0,74,350,218.74341
cwh_vm_1_cw_hw,5,717,0.7057912496060962,21.0,74,350,218.74341
cwh_vm_1_cw_hw,5,717,0.7057912496060962,21.0,74,350,218.74341
cwh_vm_1_cw_hw,5,717,0.7057912496060962,21.0,74,350,218.74341
cwh_vm_1_cw_hw,5,717,0.7057912496060962,21.0,74,350,218.74341
cwh_vm_1_cw_hw,5,717,0.7057912496060962,21.0,74,350,218.74341
cwh_vm_1_cw_hw,5,743,4.416832103739897,22.0,84,350,220.2094
cwh_vm_1_cw_hw,5,743,4.416832103739897,22.0,84,350,220.2094
cwh_vm_1_cw_hw,5,743,4.416832103739897,22.0,84,350,220.2094
cwh_vm_1_cw_hw,5,743,4.416832103739897,22.0,84,350,220.2094
cwh_vm_1_cw_hw,5,743,0.2095004284174982,22.0,84,350,220.2094
cwh_vm_1_cw_hw,5,743,0.2095004284174982,22.0,84,350,220.2094
cwh_vm_1_cw_hw,5,743,0.2095004284174982,22.0,84,350,220.2094
cwh_vm_1_cw_hw,5,743,0.2095004284174982,22.0,84,350,220.2094
cwh_vm_1_cw_hw,5,743,0.2076212801224009,22.0,84,350,220.2094
cwh_vm_1_cw_hw,5,743,0.2076212801224009,22.0,84,350,220.2094
cwh_vm_1_cw_hw,5,743,0.2076212801224009,22.0,84,350,220.2094
cwh_vm_1_cw_hw,5,743,0.2076212801224009,22.0,84,350,220.2094
cwh_vm_1_cw_hw,5,743,2.3226786679800484,22.0,84,350,220.2094
cwh_vm_1_cw_hw,5,743,2.3226786679800484,22.0,84,350,220.2094
cwh_vm_1_cw_hw,5,743,2.3226786679800484,22.0,84,350,220.2094
cwh_vm_1_cw_hw,5,743,2.3226786679800484,22.0,84,350,220.2094
cwh_vm_1_cw_hw,5,610,3.630539963571639,20.0,89,350,228.42509
cwh_vm_1_cw_hw,5,610,3.630539963571639,20.0,89,350,228.42509
cwh_vm_1_cw_hw,5,610,0.1535131514017833,20.0,89,350,228.42509
cwh_vm_1_cw_hw,5,610,0.1535131514017833,20.0,89,350,228.42509
cwh_vm_1_cw_hw,5,276,3.923681123726772,25.0,79,350,248.07831
cwh_vm_1_cw_hw,5,276,3.923681123726772,25.0,79,350,248.07831
cwh_vm_1_cw_hw,5,276,3.923681123726772,25.0,79,350,248.07831
cwh_vm_1_cw_hw,5,276,0.1531225685132289,25.0,79,350,248.07831
cwh_vm_1_cw_hw,5,276,0.1531225685132289,25.0,79,350,248.07831
cwh_vm_1_cw_hw,5,276,0.1531225685132289,25.0,79,350,248.07831
cwh_vm_1_cw_hw,5,276,0.7148872457005652,25.0,79,350,248.07831
cwh_vm_1_cw_hw,5,276,0.7148872457005652,25.0,79,350,248.07831
cwh_vm_1_cw_hw,5,276,0.7148872457005652,25.0,79,350,248.07831
cwh_vm_1_cw_hw,5,703,3.0862397898995457,23.0,79,350,253.11261
cwh_vm_1_cw_hw,5,703,3.0862397898995457,23.0,79,350,253.11261
cwh_vm_1_cw_hw,5,703,3.0862397898995457,23.0,79,350,253.11261
cwh_vm_1_cw_hw,5,703,3.919541154827205,23.0,79,350,253.11261
cwh_vm_1_cw_hw,5,703,3.919541154827205,23.0,79,350,253.11261
cwh_vm_1_cw_hw,5,703,3.919541154827205,23.0,79,350,253.11261
cwh_vm_1_cw_hw,5,703,0.6771436420406043,23.0,79,350,253.11261
cwh_vm_1_cw_hw,5,703,0.6771436420406043,23.0,79,350,253.11261
cwh_vm_1_cw_hw,5,703,0.6771436420406043,23.0,79,350,253.11261
cwh_vm_1_cw_hw,5,454,0.1646356380560803,23.0,109,350,260.37021
cwh_vm_1_cw_hw,5,83,8.998237662839227,26.0,79,350,277.7662
cwh_vm_1_cw_hw,5,525,0.315269659747115,23.0,84,350,284.35349
cwh_vm_1_cw_hw,5,525,0.315269659747115,23.0,84,350,284.35349
cwh_vm_1_cw_hw,5,525,12.766200331369436,23.0,84,350,284.35349
cwh_vm_1_cw_hw,5,525,12.766200331369436,23.0,84,350,284.35349
cwh_vm_1_cw_hw,5,125,11.596543289506885,27.0,79,350,305.80991
cwh_vm_1_cw_hw,5,125,11.596543289506885,27.0,79,350,305.80991
cwh_vm_1_cw_hw,5,125,3.444455923686794,27.0,79,350,305.80991
cwh_vm_1_cw_hw,5,125,3.444455923686794,27.0,79,350,305.80991
cwh_vm_1_cw_hw,5,770,4.110136391391037,26.0,69,350,307.0199
cwh_vm_1_cw_hw,5,442,0.4171434402756995,26.0,74,350,315.67529
cwh_vm_1_cw_hw,5,442,0.4171434402756995,26.0,74,350,315.67529
cwh_vm_1_cw_hw,5,442,0.4171434402756995,26.0,74,350,315.67529
cwh_vm_1_cw_hw,5,442,2.2675155410080587,26.0,74,350,315.67529
cwh_vm_1_cw_hw,5,442,2.2675155410080587,26.0,74,350,315.67529
cwh_vm_1_cw_hw,5,442,2.2675155410080587,26.0,74,350,315.67529
cwh_vm_1_cw_hw,5,442,0.2441454180762864,26.0,74,350,315.67529
cwh_vm_1_cw_hw,5,442,0.2441454180762864,26.0,74,350,315.67529
cwh_vm_1_cw_hw,5,442,0.2441454180762864,26.0,74,350,315.67529
cwh_vm_1_cw_hw,5,272,2.0145152474276617,22.0,99,350,333.32602
cwh_vm_1_cw_hw,5,469,0.283824909427247,23.0,114,350,337.27617999999995
cwh_vm_1_cw_hw,5,469,0.283824909427247,23.0,114,350,337.27617999999995
cwh_vm_1_cw_hw,5,469,0.283824909427247,23.0,114,350,337.27617999999995
cwh_vm_1_cw_hw,5,469,0.283824909427247,23.0,114,350,337.27617999999995
cwh_vm_1_cw_hw,5,469,0.283824909427247,23.0,114,350,337.27617999999995
cwh_vm_1_cw_hw,5,554,8.939106791025845,23.0,69,350,337.76471000000004
cwh_vm_1_cw_hw,5,554,8.939106791025845,23.0,69,350,337.76471000000004
cwh_vm_1_cw_hw,5,554,0.6252080137952551,23.0,69,350,337.76471000000004
cwh_vm_1_cw_hw,5,554,0.6252080137952551,23.0,69,350,337.76471000000004
cwh_vm_1_cw_hw,5,712,3.0825540411623216,22.0,84,350,346.21851000000004
cwh_vm_1_cw_hw,5,712,3.0825540411623216,22.0,2,350,346.21851000000004
cwh_vm_1_cw_hw,5,712,3.0825540411623216,22.0,2,350,346.21851000000004
cwh_vm_1_cw_hw,5,712,3.0825540411623216,22.0,2,350,346.21851000000004
cwh_vm_1_cw_hw,5,712,0.9848281523746752,22.0,84,350,346.21851000000004
cwh_vm_1_cw_hw,5,712,0.9848281523746752,22.0,2,350,346.21851000000004
cwh_vm_1_cw_hw,5,712,0.9848281523746752,22.0,2,350,346.21851000000004
cwh_vm_1_cw_hw,5,712,0.9848281523746752,22.0,2,350,346.21851000000004
cwh_vm_1_cw_hw,5,712,0.4482284592532129,22.0,84,350,346.21851000000004
cwh_vm_1_cw_hw,5,712,0.4482284592532129,22.0,2,350,346.21851000000004
cwh_vm_1_cw_hw,5,712,0.4482284592532129,22.0,2,350,346.21851000000004
cwh_vm_1_cw_hw,5,712,0.4482284592532129,22.0,2,350,346.21851000000004
cwh_vm_1_cw_hw,5,712,0.1949142631170263,22.0,84,350,346.21851000000004
cwh_vm_1_cw_hw,5,712,0.1949142631170263,22.0,2,350,346.21851000000004
cwh_vm_1_cw_hw,5,712,0.1949142631170263,22.0,2,350,346.21851000000004
cwh_vm_1_cw_hw,5,712,0.1949142631170263,22.0,2,350,346.21851000000004
cwh_vm_1_cw_hw,5,706,0.8277529152321967,23.0,84,350,358.12683
cwh_vm_1_cw_hw,5,706,0.8277529152321967,23.0,84,350,358.12683
cwh_vm_1_cw_hw,5,706,0.8277529152321967,23.0,2,350,358.12683
cwh_vm_1_cw_hw,5,706,0.8277529152321967,23.0,2,350,358.12683
cwh_vm_1_cw_hw,5,706,1.7572142292055046,23.0,84,350,358.12683
cwh_vm_1_cw_hw,5,706,1.7572142292055046,23.0,84,350,358.12683
cwh_vm_1_cw_hw,5,706,1.7572142292055046,23.0,2,350,358.12683
cwh_vm_1_cw_hw,5,706,1.7572142292055046,23.0,2,350,358.12683
cwh_vm_1_cw_hw,5,706,0.2384816424019491,23.0,84,350,358.12683
cwh_vm_1_cw_hw,5,706,0.2384816424019491,23.0,84,350,358.12683
cwh_vm_1_cw_hw,5,706,0.2384816424019491,23.0,2,350,358.12683
cwh_vm_1_cw_hw,5,706,0.2384816424019491,23.0,2,350,358.12683
cwh_vm_1_cw_hw,5,706,1.9560027812484744,23.0,84,350,358.12683
cwh_vm_1_cw_hw,5,706,1.9560027812484744,23.0,84,350,358.12683
cwh_vm_1_cw_hw,5,706,1.9560027812484744,23.0,2,350,358.12683
cwh_vm_1_cw_hw,5,706,1.9560027812484744,23.0,2,350,358.12683
cwh_vm_1_cw_hw,5,645,16.63190090529522,19.0,84,350,359.6597
cwh_vm_1_cw_hw,5,645,16.63190090529522,19.0,84,350,359.6597
cwh_vm_1_cw_hw,5,645,16.63190090529522,19.0,84,350,359.6597
cwh_vm_1_cw_hw,5,645,16.63190090529522,19.0,2,350,359.6597
cwh_vm_1_cw_hw,5,645,16.63190090529522,19.0,2,350,359.6597
cwh_vm_1_cw_hw,5,645,16.63190090529522,19.0,2,350,359.6597
cwh_vm_1_cw_hw,5,645,5.284082121115416,19.0,84,350,359.6597
cwh_vm_1_cw_hw,5,645,5.284082121115416,19.0,84,350,359.6597
cwh_vm_1_cw_hw,5,645,5.284082121115416,19.0,84,350,359.6597
cwh_vm_1_cw_hw,5,645,5.284082121115416,19.0,2,350,359.6597
cwh_vm_1_cw_hw,5,645,5.284082121115416,19.0,2,350,359.6597
cwh_vm_1_cw_hw,5,645,5.284082121115416,19.0,2,350,359.6597
cwh_vm_1_cw_hw,5,645,1.3581285891266568,19.0,84,350,359.6597
cwh_vm_1_cw_hw,5,645,1.3581285891266568,19.0,84,350,359.6597
cwh_vm_1_cw_hw,5,645,1.3581285891266568,19.0,84,350,359.6597
cwh_vm_1_cw_hw,5,645,1.3581285891266568,19.0,2,350,359.6597
cwh_vm_1_cw_hw,5,645,1.3581285891266568,19.0,2,350,359.6597
cwh_vm_1_cw_hw,5,645,1.3581285891266568,19.0,2,350,359.6597
cwh_vm_1_cw_hw,5,645,0.8251219430019262,19.0,84,350,359.6597
cwh_vm_1_cw_hw,5,645,0.8251219430019262,19.0,84,350,359.6597
cwh_vm_1_cw_hw,5,645,0.8251219430019262,19.0,84,350,359.6597
cwh_vm_1_cw_hw,5,645,0.8251219430019262,19.0,2,350,359.6597
cwh_vm_1_cw_hw,5,645,0.8251219430019262,19.0,2,350,359.6597
cwh_vm_1_cw_hw,5,645,0.8251219430019262,19.0,2,350,359.6597
cwh_vm_1_cw_hw,5,645,3.892638731455593,19.0,84,350,359.6597
cwh_vm_1_cw_hw,5,645,3.892638731455593,19.0,84,350,359.6597
cwh_vm_1_cw_hw,5,645,3.892638731455593,19.0,84,350,359.6597
cwh_vm_1_cw_hw,5,645,3.892638731455593,19.0,2,350,359.6597
cwh_vm_1_cw_hw,5,645,3.892638731455593,19.0,2,350,359.6597
cwh_vm_1_cw_hw,5,645,3.892638731455593,19.0,2,350,359.6597
cwh_vm_1_cw_hw,5,645,1.1058849508640556,19.0,84,350,359.6597
cwh_vm_1_cw_hw,5,645,1.1058849508640556,19.0,84,350,359.6597
cwh_vm_1_cw_hw,5,645,1.1058849508640556,19.0,84,350,359.6597
cwh_vm_1_cw_hw,5,645,1.1058849508640556,19.0,2,350,359.6597
cwh_vm_1_cw_hw,5,645,1.1058849508640556,19.0,2,350,359.6597
cwh_vm_1_cw_hw,5,645,1.1058849508640556,19.0,2,350,359.6597
cwh_vm_1_cw_hw,5,381,0.5118262397216363,17.0,204,350,365.47852
cwh_vm_1_cw_hw,5,381,0.5118262397216363,17.0,204,350,365.47852
cwh_vm_1_cw_hw,5,381,0.5118262397216363,17.0,204,350,365.47852
cwh_vm_1_cw_hw,5,381,1.248221359917622,17.0,204,350,365.47852
cwh_vm_1_cw_hw,5,381,1.248221359917622,17.0,204,350,365.47852
cwh_vm_1_cw_hw,5,381,1.248221359917622,17.0,204,350,365.47852
cwh_vm_1_cw_hw,5,381,0.6397519942406333,17.0,204,350,365.47852
cwh_vm_1_cw_hw,5,381,0.6397519942406333,17.0,204,350,365.47852
cwh_vm_1_cw_hw,5,381,0.6397519942406333,17.0,204,350,365.47852
cwh_vm_1_cw_hw,5,324,10.208883328983498,27.0,74,350,367.81311
cwh_vm_1_cw_hw,5,223,1.3881949743164483,27.0,74,350,377.4426
cwh_vm_1_cw_hw,5,223,1.3881949743164483,27.0,74,350,377.4426
cwh_vm_1_cw_hw,5,223,1.512406220108648,27.0,74,350,377.4426
cwh_vm_1_cw_hw,5,223,1.512406220108648,27.0,74,350,377.4426
cwh_vm_1_cw_hw,5,1017,2.56008133425426,24.0,79,350,379.37689
cwh_vm_1_cw_hw,5,1017,2.56008133425426,24.0,79,350,379.37689
cwh_vm_1_cw_hw,5,1017,2.56008133425426,24.0,79,350,379.37689
cwh_vm_1_cw_hw,5,1017,2.56008133425426,24.0,3,350,379.37689
cwh_vm_1_cw_hw,5,1017,2.56008133425426,24.0,79,350,379.37689
cwh_vm_1_cw_hw,5,1017,2.56008133425426,24.0,79,350,379.37689
cwh_vm_1_cw_hw,5,1017,2.56008133425426,24.0,79,350,379.37689
cwh_vm_1_cw_hw,5,1017,2.56008133425426,24.0,79,350,379.37689
cwh_vm_1_cw_hw,5,1017,4.099399858450419,24.0,79,350,379.37689
cwh_vm_1_cw_hw,5,1017,4.099399858450419,24.0,79,350,379.37689
cwh_vm_1_cw_hw,5,1017,4.099399858450419,24.0,79,350,379.37689
cwh_vm_1_cw_hw,5,1017,4.099399858450419,24.0,3,350,379.37689
cwh_vm_1_cw_hw,5,1017,4.099399858450419,24.0,79,350,379.37689
cwh_vm_1_cw_hw,5,1017,4.099399858450419,24.0,79,350,379.37689
cwh_vm_1_cw_hw,5,1017,4.099399858450419,24.0,79,350,379.37689
cwh_vm_1_cw_hw,5,1017,4.099399858450419,24.0,79,350,379.37689
cwh_vm_1_cw_hw,5,1017,0.108588386687542,24.0,79,350,379.37689
cwh_vm_1_cw_hw,5,1017,0.108588386687542,24.0,79,350,379.37689
cwh_vm_1_cw_hw,5,1017,0.108588386687542,24.0,79,350,379.37689
cwh_vm_1_cw_hw,5,1017,0.108588386687542,24.0,3,350,379.37689
cwh_vm_1_cw_hw,5,1017,0.108588386687542,24.0,79,350,379.37689
cwh_vm_1_cw_hw,5,1017,0.108588386687542,24.0,79,350,379.37689
cwh_vm_1_cw_hw,5,1017,0.108588386687542,24.0,79,350,379.37689
cwh_vm_1_cw_hw,5,1017,0.108588386687542,24.0,79,350,379.37689
cwh_vm_1_cw_hw,5,1017,0.5151758314348939,24.0,79,350,379.37689
cwh_vm_1_cw_hw,5,1017,0.5151758314348939,24.0,79,350,379.37689
cwh_vm_1_cw_hw,5,1017,0.5151758314348939,24.0,79,350,379.37689
cwh_vm_1_cw_hw,5,1017,0.5151758314348939,24.0,3,350,379.37689
cwh_vm_1_cw_hw,5,1017,0.5151758314348939,24.0,79,350,379.37689
cwh_vm_1_cw_hw,5,1017,0.5151758314348939,24.0,79,350,379.37689
cwh_vm_1_cw_hw,5,1017,0.5151758314348939,24.0,79,350,379.37689
cwh_vm_1_cw_hw,5,1017,0.5151758314348939,24.0,79,350,379.37689
cwh_vm_1_cw_hw,5,1017,2.41169350275757,24.0,79,350,379.37689
cwh_vm_1_cw_hw,5,1017,2.41169350275757,24.0,79,350,379.37689
cwh_vm_1_cw_hw,5,1017,2.41169350275757,24.0,79,350,379.37689
cwh_vm_1_cw_hw,5,1017,2.41169350275757,24.0,3,350,379.37689
cwh_vm_1_cw_hw,5,1017,2.41169350275757,24.0,79,350,379.37689
cwh_vm_1_cw_hw,5,1017,2.41169350275757,24.0,79,350,379.37689
cwh_vm_1_cw_hw,5,1017,2.41169350275757,24.0,79,350,379.37689
cwh_vm_1_cw_hw,5,1017,2.41169350275757,24.0,79,350,379.37689
cwh_vm_1_cw_hw,5,1017,0.131224124774783,24.0,79,350,379.37689
cwh_vm_1_cw_hw,5,1017,0.131224124774783,24.0,79,350,379.37689
cwh_vm_1_cw_hw,5,1017,0.131224124774783,24.0,79,350,379.37689
cwh_vm_1_cw_hw,5,1017,0.131224124774783,24.0,3,350,379.37689
cwh_vm_1_cw_hw,5,1017,0.131224124774783,24.0,79,350,379.37689
cwh_vm_1_cw_hw,5,1017,0.131224124774783,24.0,79,350,379.37689
cwh_vm_1_cw_hw,5,1017,0.131224124774783,24.0,79,350,379.37689
cwh_vm_1_cw_hw,5,1017,0.131224124774783,24.0,79,350,379.37689
cwh_vm_1_cw_hw,5,1017,0.5535717371765192,24.0,79,350,379.37689
cwh_vm_1_cw_hw,5,1017,0.5535717371765192,24.0,79,350,379.37689
cwh_vm_1_cw_hw,5,1017,0.5535717371765192,24.0,79,350,379.37689
cwh_vm_1_cw_hw,5,1017,0.5535717371765192,24.0,3,350,379.37689
cwh_vm_1_cw_hw,5,1017,0.5535717371765192,24.0,79,350,379.37689
cwh_vm_1_cw_hw,5,1017,0.5535717371765192,24.0,79,350,379.37689
cwh_vm_1_cw_hw,5,1017,0.5535717371765192,24.0,79,350,379.37689
cwh_vm_1_cw_hw,5,1017,0.5535717371765192,24.0,79,350,379.37689
cwh_vm_1_cw_hw,5,1017,0.3843021899661521,24.0,79,350,379.37689
cwh_vm_1_cw_hw,5,1017,0.3843021899661521,24.0,79,350,379.37689
cwh_vm_1_cw_hw,5,1017,0.3843021899661521,24.0,79,350,379.37689
cwh_vm_1_cw_hw,5,1017,0.3843021899661521,24.0,3,350,379.37689
cwh_vm_1_cw_hw,5,1017,0.3843021899661521,24.0,79,350,379.37689
cwh_vm_1_cw_hw,5,1017,0.3843021899661521,24.0,79,350,379.37689
cwh_vm_1_cw_hw,5,1017,0.3843021899661521,24.0,79,350,379.37689
cwh_vm_1_cw_hw,5,1017,0.3843021899661521,24.0,79,350,379.37689
cwh_vm_1_cw_hw,5,563,5.548146521592153,26.0,74,350,386.1532
cwh_vm_1_cw_hw,5,563,5.548146521592153,26.0,74,350,386.1532
cwh_vm_1_cw_hw,5,563,0.5966364328510796,26.0,74,350,386.1532
cwh_vm_1_cw_hw,5,563,0.5966364328510796,26.0,74,350,386.1532
cwh_vm_1_cw_hw,5,719,0.7923939150811941,31.0,70,350,389.9722
cwh_vm_1_cw_hw,5,719,0.7923939150811941,31.0,70,350,389.9722
cwh_vm_1_cw_hw,5,719,5.249775236653192,31.0,70,350,389.9722
cwh_vm_1_cw_hw,5,719,5.249775236653192,31.0,70,350,389.9722
cwh_vm_1_cw_hw,5,1020,1.1222174295350815,24.0,74,350,397.0076
cwh_vm_1_cw_hw,5,1020,1.1222174295350815,24.0,74,350,397.0076
cwh_vm_1_cw_hw,5,1020,1.1222174295350815,24.0,74,350,397.0076
cwh_vm_1_cw_hw,5,1020,1.1222174295350815,24.0,74,350,397.0076
cwh_vm_1_cw_hw,5,1020,1.5108258142316555,24.0,74,350,397.0076
cwh_vm_1_cw_hw,5,1020,1.5108258142316555,24.0,74,350,397.0076
cwh_vm_1_cw_hw,5,1020,1.5108258142316555,24.0,74,350,397.0076
cwh_vm_1_cw_hw,5,1020,1.5108258142316555,24.0,74,350,397.0076
cwh_vm_1_cw_hw,5,1020,1.2194231386293235,24.0,74,350,397.0076
cwh_vm_1_cw_hw,5,1020,1.2194231386293235,24.0,74,350,397.0076
cwh_vm_1_cw_hw,5,1020,1.2194231386293235,24.0,74,350,397.0076
cwh_vm_1_cw_hw,5,1020,1.2194231386293235,24.0,74,350,397.0076
cwh_vm_1_cw_hw,5,1020,2.8139360914662053,24.0,74,350,397.0076
cwh_vm_1_cw_hw,5,1020,2.8139360914662053,24.0,74,350,397.0076
cwh_vm_1_cw_hw,5,1020,2.8139360914662053,24.0,74,350,397.0076
cwh_vm_1_cw_hw,5,1020,2.8139360914662053,24.0,74,350,397.0076
cwh_vm_1_cw_hw,5,655,4.634913448966386,26.0,79,350,400.71991
cwh_vm_1_cw_hw,5,721,13.228283871324336,26.0,69,350,401.99341
cwh_vm_1_cw_hw,5,611,8.940279784437797,25.0,73,350,402.54388
cwh_vm_1_cw_hw,5,524,2.055307718452899,26.0,69,350,423.74921
cwh_vm_1_cw_hw,5,418,2.2630354195138787,16.0,304,350,424.03851
cwh_vm_1_cw_hw,5,709,2.961998932946216,26.0,79,350,427.99731
cwh_vm_1_cw_hw,5,780,8.626394683199196,26.0,74,350,435.39059
cwh_vm_1_cw_hw,5,782,0.886820184271263,29.0,74,350,444.24731
cwh_vm_1_cw_hw,5,782,0.886820184271263,29.0,74,350,444.24731
cwh_vm_1_cw_hw,5,782,1.9815613249378117,29.0,74,350,444.24731
cwh_vm_1_cw_hw,5,782,1.9815613249378117,29.0,74,350,444.24731
cwh_vm_1_cw_hw,5,779,6.143791725208745,27.0,74,350,444.80243
cwh_vm_1_cw_hw,5,311,2.816199568330312,28.0,74,350,449.91229
cwh_vm_1_cw_hw,5,311,2.816199568330312,28.0,74,350,449.91229
cwh_vm_1_cw_hw,5,311,2.816199568330312,28.0,74,350,449.91229
cwh_vm_1_cw_hw,5,311,2.816199568330312,28.0,74,350,449.91229
cwh_vm_1_cw_hw,5,311,2.212458212920538,28.0,74,350,449.91229
cwh_vm_1_cw_hw,5,311,2.212458212920538,28.0,74,350,449.91229
cwh_vm_1_cw_hw,5,311,2.212458212920538,28.0,74,350,449.91229
cwh_vm_1_cw_hw,5,311,2.212458212920538,28.0,74,350,449.91229
cwh_vm_1_cw_hw,5,311,3.787725822447683,28.0,74,350,449.91229
cwh_vm_1_cw_hw,5,311,3.787725822447683,28.0,74,350,449.91229
cwh_vm_1_cw_hw,5,311,3.787725822447683,28.0,74,350,449.91229
cwh_vm_1_cw_hw,5,311,3.787725822447683,28.0,74,350,449.91229
cwh_vm_1_cw_hw,5,311,0.1897155009488572,28.0,74,350,449.91229
cwh_vm_1_cw_hw,5,311,0.1897155009488572,28.0,74,350,449.91229
cwh_vm_1_cw_hw,5,311,0.1897155009488572,28.0,74,350,449.91229
cwh_vm_1_cw_hw,5,311,0.1897155009488572,28.0,74,350,449.91229
cwh_vm_1_cw_hw,5,863,0.9390428229065468,30.0,74,350,472.83472
cwh_vm_1_cw_hw,5,863,0.9390428229065468,30.0,74,350,472.83472
cwh_vm_1_cw_hw,5,863,0.9390428229065468,30.0,74,350,472.83472
cwh_vm_1_cw_hw,5,863,0.9390428229065468,30.0,74,350,472.83472
cwh_vm_1_cw_hw,5,863,0.9390428229065468,30.0,74,350,472.83472
cwh_vm_1_cw_hw,5,863,0.9390428229065468,30.0,74,350,472.83472
cwh_vm_1_cw_hw,5,863,0.9390428229065468,30.0,74,350,472.83472
cwh_vm_1_cw_hw,5,863,0.9390428229065468,30.0,74,350,472.83472
cwh_vm_1_cw_hw,5,863,0.4488809282966417,30.0,74,350,472.83472
cwh_vm_1_cw_hw,5,863,0.4488809282966417,30.0,74,350,472.83472
cwh_vm_1_cw_hw,5,863,0.4488809282966417,30.0,74,350,472.83472
cwh_vm_1_cw_hw,5,863,0.4488809282966417,30.0,74,350,472.83472
cwh_vm_1_cw_hw,5,863,0.4488809282966417,30.0,74,350,472.83472
cwh_vm_1_cw_hw,5,863,0.4488809282966417,30.0,74,350,472.83472
cwh_vm_1_cw_hw,5,863,0.4488809282966417,30.0,74,350,472.83472
cwh_vm_1_cw_hw,5,863,0.4488809282966417,30.0,74,350,472.83472
cwh_vm_1_cw_hw,5,863,0.1870882454296458,30.0,74,350,472.83472
cwh_vm_1_cw_hw,5,863,0.1870882454296458,30.0,74,350,472.83472
cwh_vm_1_cw_hw,5,863,0.1870882454296458,30.0,74,350,472.83472
cwh_vm_1_cw_hw,5,863,0.1870882454296458,30.0,74,350,472.83472
cwh_vm_1_cw_hw,5,863,0.1870882454296458,30.0,74,350,472.83472
cwh_vm_1_cw_hw,5,863,0.1870882454296458,30.0,74,350,472.83472
cwh_vm_1_cw_hw,5,863,0.1870882454296458,30.0,74,350,472.83472
cwh_vm_1_cw_hw,5,863,0.1870882454296458,30.0,74,350,472.83472
cwh_vm_1_cw_hw,5,863,0.8610804371419525,30.0,74,350,472.83472
cwh_vm_1_cw_hw,5,863,0.8610804371419525,30.0,74,350,472.83472
cwh_vm_1_cw_hw,5,863,0.8610804371419525,30.0,74,350,472.83472
cwh_vm_1_cw_hw,5,863,0.8610804371419525,30.0,74,350,472.83472
cwh_vm_1_cw_hw,5,863,0.8610804371419525,30.0,74,350,472.83472
cwh_vm_1_cw_hw,5,863,0.8610804371419525,30.0,74,350,472.83472
cwh_vm_1_cw_hw,5,863,0.8610804371419525,30.0,74,350,472.83472
cwh_vm_1_cw_hw,5,863,0.8610804371419525,30.0,74,350,472.83472
cwh_vm_1_cw_hw,5,863,3.970993070248881,30.0,74,350,472.83472
cwh_vm_1_cw_hw,5,863,3.970993070248881,30.0,74,350,472.83472
cwh_vm_1_cw_hw,5,863,3.970993070248881,30.0,74,350,472.83472
cwh_vm_1_cw_hw,5,863,3.970993070248881,30.0,74,350,472.83472
cwh_vm_1_cw_hw,5,863,3.970993070248881,30.0,74,350,472.83472
cwh_vm_1_cw_hw,5,863,3.970993070248881,30.0,74,350,472.83472
cwh_vm_1_cw_hw,5,863,3.970993070248881,30.0,74,350,472.83472
cwh_vm_1_cw_hw,5,863,3.970993070248881,30.0,74,350,472.83472
cwh_vm_1_cw_hw,5,863,0.1040887462828415,30.0,74,350,472.83472
cwh_vm_1_cw_hw,5,863,0.1040887462828415,30.0,74,350,472.83472
cwh_vm_1_cw_hw,5,863,0.1040887462828415,30.0,74,350,472.83472
cwh_vm_1_cw_hw,5,863,0.1040887462828415,30.0,74,350,472.83472
cwh_vm_1_cw_hw,5,863,0.1040887462828415,30.0,74,350,472.83472
cwh_vm_1_cw_hw,5,863,0.1040887462828415,30.0,74,350,472.83472
cwh_vm_1_cw_hw,5,863,0.1040887462828415,30.0,74,350,472.83472
cwh_vm_1_cw_hw,5,863,0.1040887462828415,30.0,74,350,472.83472
cwh_vm_1_cw_hw,5,863,0.1080819197332655,30.0,74,350,472.83472
cwh_vm_1_cw_hw,5,863,0.1080819197332655,30.0,74,350,472.83472
cwh_vm_1_cw_hw,5,863,0.1080819197332655,30.0,74,350,472.83472
cwh_vm_1_cw_hw,5,863,0.1080819197332655,30.0,74,350,472.83472
cwh_vm_1_cw_hw,5,863,0.1080819197332655,30.0,74,350,472.83472
cwh_vm_1_cw_hw,5,863,0.1080819197332655,30.0,74,350,472.83472
cwh_vm_1_cw_hw,5,863,0.1080819197332655,30.0,74,350,472.83472
cwh_vm_1_cw_hw,5,863,0.1080819197332655,30.0,74,350,472.83472
cwh_vm_1_cw_hw,5,863,1.10932117044942,30.0,74,350,472.83472
cwh_vm_1_cw_hw,5,863,1.10932117044942,30.0,74,350,472.83472
cwh_vm_1_cw_hw,5,863,1.10932117044942,30.0,74,350,472.83472
cwh_vm_1_cw_hw,5,863,1.10932117044942,30.0,74,350,472.83472
cwh_vm_1_cw_hw,5,863,1.10932117044942,30.0,74,350,472.83472
cwh_vm_1_cw_hw,5,863,1.10932117044942,30.0,74,350,472.83472
cwh_vm_1_cw_hw,5,863,1.10932117044942,30.0,74,350,472.83472
cwh_vm_1_cw_hw,5,863,1.10932117044942,30.0,74,350,472.83472
cwh_vm_1_cw_hw,5,185,0.2951949341940043,26.0,74,350,487.3714
cwh_vm_1_cw_hw,5,185,0.2951949341940043,26.0,74,350,487.3714
cwh_vm_1_cw_hw,5,185,0.2951949341940043,26.0,74,350,487.3714
cwh_vm_1_cw_hw,5,185,0.2951949341940043,26.0,74,350,487.3714
cwh_vm_1_cw_hw,5,185,0.2951949341940043,26.0,2,350,487.3714
cwh_vm_1_cw_hw,5,185,0.2951949341940043,26.0,2,350,487.3714
cwh_vm_1_cw_hw,5,185,0.2951949341940043,26.0,2,350,487.3714
cwh_vm_1_cw_hw,5,185,0.2951949341940043,26.0,2,350,487.3714
cwh_vm_1_cw_hw,5,185,0.2951949341940043,26.0,74,350,487.3714
cwh_vm_1_cw_hw,5,185,1.1274788579691684,26.0,74,350,487.3714
cwh_vm_1_cw_hw,5,185,1.1274788579691684,26.0,74,350,487.3714
cwh_vm_1_cw_hw,5,185,1.1274788579691684,26.0,74,350,487.3714
cwh_vm_1_cw_hw,5,185,1.1274788579691684,26.0,74,350,487.3714
cwh_vm_1_cw_hw,5,185,1.1274788579691684,26.0,2,350,487.3714
cwh_vm_1_cw_hw,5,185,1.1274788579691684,26.0,2,350,487.3714
cwh_vm_1_cw_hw,5,185,1.1274788579691684,26.0,2,350,487.3714
cwh_vm_1_cw_hw,5,185,1.1274788579691684,26.0,2,350,487.3714
cwh_vm_1_cw_hw,5,185,1.1274788579691684,26.0,74,350,487.3714
cwh_vm_1_cw_hw,5,185,1.2440789188053192,26.0,74,350,487.3714
cwh_vm_1_cw_hw,5,185,1.2440789188053192,26.0,74,350,487.3714
cwh_vm_1_cw_hw,5,185,1.2440789188053192,26.0,74,350,487.3714
cwh_vm_1_cw_hw,5,185,1.2440789188053192,26.0,74,350,487.3714
cwh_vm_1_cw_hw,5,185,1.2440789188053192,26.0,2,350,487.3714
cwh_vm_1_cw_hw,5,185,1.2440789188053192,26.0,2,350,487.3714
cwh_vm_1_cw_hw,5,185,1.2440789188053192,26.0,2,350,487.3714
cwh_vm_1_cw_hw,5,185,1.2440789188053192,26.0,2,350,487.3714
cwh_vm_1_cw_hw,5,185,1.2440789188053192,26.0,74,350,487.3714
cwh_vm_1_cw_hw,5,185,0.4067481114217928,26.0,74,350,487.3714
cwh_vm_1_cw_hw,5,185,0.4067481114217928,26.0,74,350,487.3714
cwh_vm_1_cw_hw,5,185,0.4067481114217928,26.0,74,350,487.3714
cwh_vm_1_cw_hw,5,185,0.4067481114217928,26.0,74,350,487.3714
cwh_vm_1_cw_hw,5,185,0.4067481114217928,26.0,2,350,487.3714
cwh_vm_1_cw_hw,5,185,0.4067481114217928,26.0,2,350,487.3714
cwh_vm_1_cw_hw,5,185,0.4067481114217928,26.0,2,350,487.3714
cwh_vm_1_cw_hw,5,185,0.4067481114217928,26.0,2,350,487.3714
cwh_vm_1_cw_hw,5,185,0.4067481114217928,26.0,74,350,487.3714
cwh_vm_1_cw_hw,5,185,3.1883611511166268,26.0,74,350,487.3714
cwh_vm_1_cw_hw,5,185,3.1883611511166268,26.0,74,350,487.3714
cwh_vm_1_cw_hw,5,185,3.1883611511166268,26.0,74,350,487.3714
cwh_vm_1_cw_hw,5,185,3.1883611511166268,26.0,74,350,487.3714
cwh_vm_1_cw_hw,5,185,3.1883611511166268,26.0,2,350,487.3714
cwh_vm_1_cw_hw,5,185,3.1883611511166268,26.0,2,350,487.3714
cwh_vm_1_cw_hw,5,185,3.1883611511166268,26.0,2,350,487.3714
cwh_vm_1_cw_hw,5,185,3.1883611511166268,26.0,2,350,487.3714
cwh_vm_1_cw_hw,5,185,3.1883611511166268,26.0,74,350,487.3714
cwh_vm_1_cw_hw,5,185,2.475897853348347,26.0,74,350,487.3714
cwh_vm_1_cw_hw,5,185,2.475897853348347,26.0,74,350,487.3714
cwh_vm_1_cw_hw,5,185,2.475897853348347,26.0,74,350,487.3714
cwh_vm_1_cw_hw,5,185,2.475897853348347,26.0,74,350,487.3714
cwh_vm_1_cw_hw,5,185,2.475897853348347,26.0,2,350,487.3714
cwh_vm_1_cw_hw,5,185,2.475897853348347,26.0,2,350,487.3714
cwh_vm_1_cw_hw,5,185,2.475897853348347,26.0,2,350,487.3714
cwh_vm_1_cw_hw,5,185,2.475897853348347,26.0,2,350,487.3714
cwh_vm_1_cw_hw,5,185,2.475897853348347,26.0,74,350,487.3714
cwh_vm_1_cw_hw,5,185,0.1422344570551015,26.0,74,350,487.3714
cwh_vm_1_cw_hw,5,185,0.1422344570551015,26.0,74,350,487.3714
cwh_vm_1_cw_hw,5,185,0.1422344570551015,26.0,74,350,487.3714
cwh_vm_1_cw_hw,5,185,0.1422344570551015,26.0,74,350,487.3714
cwh_vm_1_cw_hw,5,185,0.1422344570551015,26.0,2,350,487.3714
cwh_vm_1_cw_hw,5,185,0.1422344570551015,26.0,2,350,487.3714
cwh_vm_1_cw_hw,5,185,0.1422344570551015,26.0,2,350,487.3714
cwh_vm_1_cw_hw,5,185,0.1422344570551015,26.0,2,350,487.3714
cwh_vm_1_cw_hw,5,185,0.1422344570551015,26.0,74,350,487.3714
cwh_vm_1_cw_hw,5,185,5.57118703140531,26.0,74,350,487.3714
cwh_vm_1_cw_hw,5,185,5.57118703140531,26.0,74,350,487.3714
cwh_vm_1_cw_hw,5,185,5.57118703140531,26.0,74,350,487.3714
cwh_vm_1_cw_hw,5,185,5.57118703140531,26.0,74,350,487.3714
cwh_vm_1_cw_hw,5,185,5.57118703140531,26.0,2,350,487.3714
cwh_vm_1_cw_hw,5,185,5.57118703140531,26.0,2,350,487.3714
cwh_vm_1_cw_hw,5,185,5.57118703140531,26.0,2,350,487.3714
cwh_vm_1_cw_hw,5,185,5.57118703140531,26.0,2,350,487.3714
cwh_vm_1_cw_hw,5,185,5.57118703140531,26.0,74,350,487.3714
cwh_vm_1_cw_hw,5,185,0.5537125669931569,26.0,74,350,487.3714
cwh_vm_1_cw_hw,5,185,0.5537125669931569,26.0,74,350,487.3714
cwh_vm_1_cw_hw,5,185,0.5537125669931569,26.0,74,350,487.3714
cwh_vm_1_cw_hw,5,185,0.5537125669931569,26.0,74,350,487.3714
cwh_vm_1_cw_hw,5,185,0.5537125669931569,26.0,2,350,487.3714
cwh_vm_1_cw_hw,5,185,0.5537125669931569,26.0,2,350,487.3714
cwh_vm_1_cw_hw,5,185,0.5537125669931569,26.0,2,350,487.3714
cwh_vm_1_cw_hw,5,185,0.5537125669931569,26.0,2,350,487.3714
cwh_vm_1_cw_hw,5,185,0.5537125669931569,26.0,74,350,487.3714
cwh_vm_1_cw_hw,5,668,3.678192223871882,27.0,84,350,556.35748
cwh_vm_1_cw_hw,5,668,3.678192223871882,27.0,84,350,556.35748
cwh_vm_1_cw_hw,5,668,0.6738178609822716,27.0,84,350,556.35748
cwh_vm_1_cw_hw,5,668,0.6738178609822716,27.0,84,350,556.35748
cwh_vm_1_cw_fdc,12,636,7.336374684076726,22.0,5,350,11.7703
cwh_vm_1_cw_fdc,12,636,7.336374684076726,22.0,5,350,11.7703
cwh_vm_1_cw_fdc,12,636,0.2577387341411045,22.0,5,350,11.7703
cwh_vm_1_cw_fdc,12,636,0.2577387341411045,22.0,5,350,11.7703
cwh_vm_1_cw_fdc,12,664,5.3693362979996735,22.0,13,350,11.8846
cwh_vm_1_cw_fdc,12,261,0.6995591891565256,23.0,8,350,13.4345
cwh_vm_1_cw_fdc,12,245,5.124904485831695,22.0,10,350,13.539
cwh_vm_1_cw_fdc,12,291,9.706782451740583,28.0,5,350,13.9507
cwh_vm_1_cw_fdc,12,176,3.830926292101811,26.0,8,350,14.0006
cwh_vm_1_cw_fdc,12,176,3.830926292101811,26.0,8,350,14.0006
cwh_vm_1_cw_fdc,12,176,1.892560326297869,26.0,8,350,14.0006
cwh_vm_1_cw_fdc,12,176,1.892560326297869,26.0,8,350,14.0006
cwh_vm_1_cw_fdc,12,225,5.222264362998864,23.0,8,350,14.2038
cwh_vm_1_cw_fdc,12,249,2.478366462215837,23.0,8,350,14.2038
cwh_vm_1_cw_fdc,12,249,2.478366462215837,23.0,8,350,14.2038
cwh_vm_1_cw_fdc,12,249,0.1436407669131331,23.0,8,350,14.2038
cwh_vm_1_cw_fdc,12,249,0.1436407669131331,23.0,8,350,14.2038
cwh_vm_1_cw_fdc,12,198,5.911173786013088,30.0,8,350,15.0399
cwh_vm_1_cw_fdc,12,164,14.760968537115216,28.0,11,350,15.3336
cwh_vm_1_cw_fdc,12,275,9.237803751618122,29.0,14,350,16.0591
cwh_vm_1_cw_fdc,12,293,0.4380577910068533,32.0,6,350,18.0732
cwh_vm_1_cw_fdc,12,293,0.4380577910068533,32.0,6,350,18.0732
cwh_vm_1_cw_fdc,12,293,6.9186557700587175,32.0,6,350,18.0732
cwh_vm_1_cw_fdc,12,293,6.9186557700587175,32.0,6,350,18.0732
cwh_vm_1_cw_fdc,12,166,4.343131443042788,35.0,11,350,18.9284
cwh_vm_1_cw_fdc,12,168,2.971860926927919,29.0,10,350,28.6646
cwh_vm_1_cw_fdc,12,168,2.971860926927919,29.0,10,350,28.6646
cwh_vm_1_cw_fdc,12,168,2.5077628992383643,29.0,10,350,28.6646
cwh_vm_1_cw_fdc,12,168,2.5077628992383643,29.0,10,350,28.6646
cwh_vm_1_cw_fdc,12,351,3.977979803570335,28.0,74,350,381.9014
cwh_vm_2_cw_fdc,19,189,1.6299375340028626,17.0,15,350,7.8839
cwh_vm_2_cw_fdc,19,262,2.5161535828774304,17.0,13,350,9.3853
cwh_vm_2_cw_fdc,19,262,2.5161535828774304,17.0,13,350,9.3853
cwh_vm_2_cw_fdc,19,262,0.1061917259161378,17.0,13,350,9.3853
cwh_vm_2_cw_fdc,19,262,0.1061917259161378,17.0,13,350,9.3853
cwh_vm_2_cw_fdc,19,33,0.2112242056707295,21.0,14,350,9.9633
cwh_vm_2_cw_fdc,19,33,0.2112242056707295,21.0,14,350,9.9633
cwh_vm_2_cw_fdc,19,33,0.2112242056707295,21.0,14,350,9.9633
cwh_vm_2_cw_fdc,19,33,0.3982561586371776,21.0,14,350,9.9633
cwh_vm_2_cw_fdc,19,33,0.3982561586371776,21.0,14,350,9.9633
cwh_vm_2_cw_fdc,19,33,0.3982561586371776,21.0,14,350,9.9633
cwh_vm_2_cw_fdc,19,33,0.189585310562672,21.0,14,350,9.9633
cwh_vm_2_cw_fdc,19,33,0.189585310562672,21.0,14,350,9.9633
cwh_vm_2_cw_fdc,19,33,0.189585310562672,21.0,14,350,9.9633
cwh_vm_2_cw_fdc,19,362,0.2094584564008093,21.0,13,350,9.9633
cwh_vm_2_cw_fdc,19,362,0.2094584564008093,21.0,13,350,9.9633
cwh_vm_2_cw_fdc,19,362,1.650438349403096,21.0,13,350,9.9633
cwh_vm_2_cw_fdc,19,362,1.650438349403096,21.0,13,350,9.9633
cwh_vm_2_cw_fdc,19,195,0.1218306134145381,21.0,11,350,10.9692
cwh_vm_2_cw_fdc,19,195,0.1218306134145381,21.0,11,350,10.9692
cwh_vm_2_cw_fdc,19,195,2.70936469256242,21.0,11,350,10.9692
cwh_vm_2_cw_fdc,19,195,2.70936469256242,21.0,11,350,10.9692
cwh_vm_2_cw_fdc,19,187,3.9616342034486456,19.0,9,350,11.65
cwh_vm_2_cw_fdc,19,90,0.3222506617288986,23.0,29,350,11.7593
cwh_vm_2_cw_fdc,19,171,1.5666672443497334,23.0,10,350,12.4789
cwh_vm_2_cw_fdc,19,171,1.5666672443497334,23.0,10,350,12.4789
cwh_vm_2_cw_fdc,19,171,0.6431232002079537,23.0,10,350,12.4789
cwh_vm_2_cw_fdc,19,171,0.6431232002079537,23.0,10,350,12.4789
cwh_vm_2_cw_fdc,19,287,3.0134303003061405,21.0,11,350,12.493
cwh_vm_2_cw_fdc,19,287,3.0134303003061405,21.0,11,350,12.493
cwh_vm_2_cw_fdc,19,287,0.2380656255554806,21.0,11,350,12.493
cwh_vm_2_cw_fdc,19,287,0.2380656255554806,21.0,11,350,12.493
cwh_vm_2_cw_fdc,19,263,4.438160784221592,26.0,9,350,12.5558
cwh_vm_2_cw_fdc,19,248,6.354374449375631,23.0,6,350,12.5966
cwh_vm_2_cw_fdc,19,248,6.354374449375631,23.0,6,350,12.5966
cwh_vm_2_cw_fdc,19,248,2.9548181885668923,23.0,6,350,12.5966
cwh_vm_2_cw_fdc,19,248,2.9548181885668923,23.0,6,350,12.5966
cwh_vm_2_cw_fdc,19,269,1.0191618193065466,22.0,11,350,13.6566
cwh_vm_2_cw_fdc,19,477,9.497295504051618,36.0,39,350,371.70361
cwh_vm_2_cw_fdc,19,477,9.497295504051618,36.0,39,350,371.70361
cwh_vm_2_cw_fdc,19,477,3.1437032325669265,36.0,39,350,371.70361
cwh_vm_2_cw_fdc,19,477,3.1437032325669265,36.0,39,350,371.70361
cwh_vm_2_cw_fdc,19,181,0.1238764637404895,30.0,79,350,495.7189
cwh_vm_2_cw_fdc,19,181,0.1238764637404895,30.0,79,350,495.7189
cwh_vm_2_cw_fdc,19,181,0.6290870140792101,30.0,79,350,495.7189
cwh_vm_2_cw_fdc,19,181,0.6290870140792101,30.0,79,350,495.7189
cwh_vm_2_cw_fdc,19,448,1.5105698275173616,28.0,114,350,520.2117900000001
cwh_vm_2_cw_fdc,19,448,1.5105698275173616,28.0,114,350,520.2117900000001
cwh_vm_2_cw_fdc,19,448,1.5105698275173616,28.0,114,350,520.2117900000001
cwh_vm_2_cw_fdc,19,448,1.5105698275173616,28.0,114,350,520.2117900000001
cwh_vm_2_cw_fdc,19,448,1.5105698275173616,28.0,114,350,520.2117900000001
cwh_vm_2_cw_fdc,19,448,1.5105698275173616,28.0,1,350,520.2117900000001
cwh_vm_2_cw_fdc,19,448,1.5105698275173616,28.0,114,350,520.2117900000001
cwh_vm_2_cw_fdc,19,448,1.5105698275173616,28.0,114,350,520.2117900000001
cwh_vm_2_cw_fdc,19,448,1.5105698275173616,28.0,114,350,520.2117900000001
cwh_vm_2_cw_fdc,19,448,1.5105698275173616,28.0,114,350,520.2117900000001
cwh_vm_2_cw_fdc,19,448,1.5105698275173616,28.0,114,350,520.2117900000001
cwh_vm_2_cw_fdc,19,448,1.5105698275173616,28.0,114,350,520.2117900000001
cwh_vm_2_cw_fdc,19,448,1.5105698275173616,28.0,114,350,520.2117900000001
cwh_vm_2_cw_fdc,19,448,1.5105698275173616,28.0,114,350,520.2117900000001
cwh_vm_2_cw_fdc,19,448,0.1057549063401629,28.0,114,350,520.2117900000001
cwh_vm_2_cw_fdc,19,448,0.1057549063401629,28.0,114,350,520.2117900000001
cwh_vm_2_cw_fdc,19,448,0.1057549063401629,28.0,114,350,520.2117900000001
cwh_vm_2_cw_fdc,19,448,0.1057549063401629,28.0,114,350,520.2117900000001
cwh_vm_2_cw_fdc,19,448,0.1057549063401629,28.0,114,350,520.2117900000001
cwh_vm_2_cw_fdc,19,448,0.1057549063401629,28.0,1,350,520.2117900000001
cwh_vm_2_cw_fdc,19,448,0.1057549063401629,28.0,114,350,520.2117900000001
cwh_vm_2_cw_fdc,19,448,0.1057549063401629,28.0,114,350,520.2117900000001
cwh_vm_2_cw_fdc,19,448,0.1057549063401629,28.0,114,350,520.2117900000001
cwh_vm_2_cw_fdc,19,448,0.1057549063401629,28.0,114,350,520.2117900000001
cwh_vm_2_cw_fdc,19,448,0.1057549063401629,28.0,114,350,520.2117900000001
cwh_vm_2_cw_fdc,19,448,0.1057549063401629,28.0,114,350,520.2117900000001
cwh_vm_2_cw_fdc,19,448,0.1057549063401629,28.0,114,350,520.2117900000001
cwh_vm_2_cw_fdc,19,448,0.1057549063401629,28.0,114,350,520.2117900000001
cwh_vm_2_cw_fdc,19,391,2.623479327845865,34.0,49,350,653.43335
cwh_dm_x_dr_act,20,836,1.8127206930782975,17.0,34,350,67.9744
cwh_dm_x_dr_act,20,836,1.8127206930782975,17.0,34,350,67.9744
cwh_dm_x_dr_act,20,836,1.8127206930782975,17.0,34,350,67.9744
cwh_dm_x_dr_act,20,836,1.5013653556689983,17.0,34,350,67.9744
cwh_dm_x_dr_act,20,836,1.5013653556689983,17.0,34,350,67.9744
cwh_dm_x_dr_act,20,836,1.5013653556689983,17.0,34,350,67.9744
cwh_dm_x_dr_act,20,836,0.6763499831126697,17.0,34,350,67.9744
cwh_dm_x_dr_act,20,836,0.6763499831126697,17.0,34,350,67.9744
cwh_dm_x_dr_act,20,836,0.6763499831126697,17.0,34,350,67.9744
cwh_dm_x_dr_act,20,545,1.590542024797032,24.0,59,350,101.86659
cwh_dm_x_dr_act,20,545,1.590542024797032,24.0,59,350,101.86659
cwh_dm_x_dr_act,20,545,1.590542024797032,24.0,59,350,101.86659
cwh_dm_x_dr_act,20,545,0.3945609949744865,24.0,59,350,101.86659
cwh_dm_x_dr_act,20,545,0.3945609949744865,24.0,59,350,101.86659
cwh_dm_x_dr_act,20,545,0.3945609949744865,24.0,59,350,101.86659
cwh_dm_x_dr_act,20,545,0.199100410006081,24.0,59,350,101.86659
cwh_dm_x_dr_act,20,545,0.199100410006081,24.0,59,350,101.86659
cwh_dm_x_dr_act,20,545,0.199100410006081,24.0,59,350,101.86659
cwh_dm_x_dr_act,20,214,1.6203649549304435,21.0,49,350,111.44011
cwh_dm_x_dr_act,20,214,1.6203649549304435,21.0,49,350,111.44011
cwh_dm_x_dr_act,20,214,0.1672261636327202,21.0,49,350,111.44011
cwh_dm_x_dr_act,20,214,0.1672261636327202,21.0,49,350,111.44011
cwh_dm_x_dr_act,20,911,1.4237134483649123,19.0,39,350,116.6097
cwh_dm_x_dr_act,20,849,0.1125191857002793,23.0,34,350,128.2426
cwh_dm_x_dr_act,20,849,0.1125191857002793,23.0,34,350,128.2426
cwh_dm_x_dr_act,20,849,4.875754771089818,23.0,34,350,128.2426
cwh_dm_x_dr_act,20,849,4.875754771089818,23.0,34,350,128.2426
cwh_dm_x_dr_act,20,89,1.9940154065399227,26.0,25,350,147.16951
cwh_dm_x_dr_act,20,56,1.7050579463707407,25.0,30,350,165.84659
cwh_dm_x_dr_act,20,837,3.6851816491269354,22.0,39,350,169.3662
cwh_dm_x_dr_act,20,258,2.260200981609294,30.0,25,350,220.47729
cwh_dm_x_dr_act,20,457,0.6909269353906864,25.0,59,350,225.235
cwh_dm_x_dr_act,20,457,0.6909269353906864,25.0,59,350,225.235
cwh_dm_x_dr_act,20,457,1.1674994311031894,25.0,59,350,225.235
cwh_dm_x_dr_act,20,457,1.1674994311031894,25.0,59,350,225.235
cwh_dm_x_dr_act,20,913,1.3286631527754666,24.0,64,350,238.31142000000003
cwh_dm_x_dr_act,20,299,1.3047058909507914,33.0,28,350,239.64799
cwh_dm_x_dr_act,20,538,1.362428916473829,23.0,44,350,242.43579
cwh_dm_x_dr_act,20,853,1.5815829381090625,21.0,74,350,263.4906
cwh_dm_x_dr_act,20,853,1.5815829381090625,21.0,74,350,263.4906
cwh_dm_x_dr_act,20,853,1.5815829381090625,21.0,74,350,263.4906
cwh_dm_x_dr_act,20,853,1.5815829381090625,21.0,74,350,263.4906
cwh_dm_x_dr_act,20,853,1.5815829381090625,21.0,74,350,263.4906
cwh_dm_x_dr_act,20,853,0.205126487856579,21.0,74,350,263.4906
cwh_dm_x_dr_act,20,853,0.205126487856579,21.0,74,350,263.4906
cwh_dm_x_dr_act,20,853,0.205126487856579,21.0,74,350,263.4906
cwh_dm_x_dr_act,20,853,0.205126487856579,21.0,74,350,263.4906
cwh_dm_x_dr_act,20,853,0.205126487856579,21.0,74,350,263.4906
cwh_dm_x_dr_act,20,853,4.7565087835861055,21.0,74,350,263.4906
cwh_dm_x_dr_act,20,853,4.7565087835861055,21.0,74,350,263.4906
cwh_dm_x_dr_act,20,853,4.7565087835861055,21.0,74,350,263.4906
cwh_dm_x_dr_act,20,853,4.7565087835861055,21.0,74,350,263.4906
cwh_dm_x_dr_act,20,853,4.7565087835861055,21.0,74,350,263.4906
cwh_dm_x_dr_act,20,853,0.20343440003809,21.0,74,350,263.4906
cwh_dm_x_dr_act,20,853,0.20343440003809,21.0,74,350,263.4906
cwh_dm_x_dr_act,20,853,0.20343440003809,21.0,74,350,263.4906
cwh_dm_x_dr_act,20,853,0.20343440003809,21.0,74,350,263.4906
cwh_dm_x_dr_act,20,853,0.20343440003809,21.0,74,350,263.4906
cwh_dm_x_dr_act,20,853,2.1633661134711524,21.0,74,350,263.4906
cwh_dm_x_dr_act,20,853,2.1633661134711524,21.0,74,350,263.4906
cwh_dm_x_dr_act,20,853,2.1633661134711524,21.0,74,350,263.4906
cwh_dm_x_dr_act,20,853,2.1633661134711524,21.0,74,350,263.4906
cwh_dm_x_dr_act,20,853,2.1633661134711524,21.0,74,350,263.4906
cwh_dm_x_dr_act,20,988,1.1347293377737488,24.0,59,350,275.9563
cwh_dm_x_dr_act,20,1119,2.048350965214495,23.0,34,350,286.69852000000003
cwh_dm_x_dr_act,20,371,3.618391504335359,24.0,54,350,311.03378
cwh_dm_x_fdc_dr,21,847,1.5735643263721653,30.0,19,350,7.3591
cwh_dm_x_fdc_dr,21,194,4.286852577206424,22.0,30,350,114.27499
cwh_dm_x_fdc_dr,21,194,4.286852577206424,22.0,30,350,114.27499
cwh_dm_x_fdc_dr,21,194,0.1038740427134768,22.0,30,350,114.27499
cwh_dm_x_fdc_dr,21,194,0.1038740427134768,22.0,30,350,114.27499
cwh_dm_x_fdc_dr,21,21,5.894779669938219,32.0,28,350,168.58521000000002
cwh_dm_x_fdc_dr,21,234,6.134969522340629,30.0,22,350,173.04218999999998
cwh_dm_x_fdc_dr,21,234,6.134969522340629,30.0,22,350,173.04218999999998
cwh_dm_x_fdc_dr,21,234,1.8595195744462945,30.0,22,350,173.04218999999998
cwh_dm_x_fdc_dr,21,234,1.8595195744462945,30.0,22,350,173.04218999999998
cwh_dm_x_fdc_dr,21,752,1.3186714300320868,39.0,34,350,239.95551
cwh_dm_x_fdc_dr,21,58,2.3722465407621343,31.0,31,350,288.99539
cwh_dm_x_fdc_dr,21,989,0.6456741275903861,34.0,44,350,311.73529
cwh_dm_x_fdc_dr,21,925,0.6227421927668139,38.0,39,350,314.8967
cwh_dm_x_fdc_dr,21,925,0.6227421927668139,38.0,39,350,314.8967
cwh_dm_x_fdc_dr,21,925,0.6227421927668139,38.0,39,350,314.8967
cwh_dm_x_fdc_dr,21,925,0.6227421927668139,38.0,39,350,314.8967
cwh_dm_x_fdc_dr,21,925,0.2691127793158692,38.0,39,350,314.8967
cwh_dm_x_fdc_dr,21,925,0.2691127793158692,38.0,39,350,314.8967
cwh_dm_x_fdc_dr,21,925,0.2691127793158692,38.0,39,350,314.8967
cwh_dm_x_fdc_dr,21,925,0.2691127793158692,38.0,39,350,314.8967
cwh_dm_x_fdc_dr,21,925,1.5493528092789832,38.0,39,350,314.8967
cwh_dm_x_fdc_dr,21,925,1.5493528092789832,38.0,39,350,314.8967
cwh_dm_x_fdc_dr,21,925,1.5493528092789832,38.0,39,350,314.8967
cwh_dm_x_fdc_dr,21,925,1.5493528092789832,38.0,39,350,314.8967
cwh_dm_x_fdc_dr,21,925,0.3700400540908515,38.0,39,350,314.8967
cwh_dm_x_fdc_dr,21,925,0.3700400540908515,38.0,39,350,314.8967
cwh_dm_x_fdc_dr,21,925,0.3700400540908515,38.0,39,350,314.8967
cwh_dm_x_fdc_dr,21,925,0.3700400540908515,38.0,39,350,314.8967
cwh_dm_x_fdc_dr,21,856,0.1313741039521886,38.0,39,350,323.79962
cwh_dm_x_fdc_dr,21,856,0.1313741039521886,38.0,39,350,323.79962
cwh_dm_x_fdc_dr,21,856,2.473378560037557,38.0,39,350,323.79962
cwh_dm_x_fdc_dr,21,856,2.473378560037557,38.0,39,350,323.79962
cwh_dm_x_fdc_dr,21,26,2.321957510042151,44.0,49,350,408.67068
cwh_dm_x_fdc_dr,21,997,2.3705990126141754,40.0,49,350,454.95599
cwh_dm_x_fdc_dr,21,859,0.8227358377603606,37.0,59,350,493.88327
cwh_dm_x_fdc_dr,21,859,0.8227358377603606,37.0,59,350,493.88327
cwh_dm_x_fdc_dr,21,859,6.456137032110903,37.0,59,350,493.88327
cwh_dm_x_fdc_dr,21,859,6.456137032110903,37.0,59,350,493.88327
cwh_dm_x_fdc_dr,21,289,2.151731322687975,42.0,52,350,736.38977
cwh_dm_x_fdc_x,24,298,3.482875704502223,28.0,5,350,16.0082
cwh_dm_x_fdc_x,24,298,3.482875704502223,28.0,5,350,16.0082
cwh_dm_x_fdc_x,24,298,3.482875704502223,28.0,5,350,16.0082
cwh_dm_x_fdc_x,24,298,0.2602680247356816,28.0,5,350,16.0082
cwh_dm_x_fdc_x,24,298,0.2602680247356816,28.0,5,350,16.0082
cwh_dm_x_fdc_x,24,298,0.2602680247356816,28.0,5,350,16.0082
cwh_dm_x_fdc_x,24,298,0.4749811436111074,28.0,5,350,16.0082
cwh_dm_x_fdc_x,24,298,0.4749811436111074,28.0,5,350,16.0082
cwh_dm_x_fdc_x,24,298,0.4749811436111074,28.0,5,350,16.0082
cwh_dm_x_fdc_x,24,6,5.780001763626692,28.0,13,350,21.4831
cwh_dm_x_fdc_x,24,48,4.970756224115968,25.0,18,350,31.0483
cwh_dm_x_fdc_x,24,38,0.7695115171262819,36.0,16,350,34.1052
cwh_dm_x_fdc_x,24,114,2.7039189393092795,39.0,44,350,262.15329
cwh_dm_x_fdc_x,24,232,0.3498011550534858,39.0,44,350,292.32907
cwh_dm_x_fdc_x,24,233,0.5768021825064668,40.0,44,350,304.88892000000004
cwh_dm_x_fdc_x,24,197,1.0766314636468073,40.0,44,350,364.12949
cwh_dm_x_fdc_x,24,196,1.0506949586180971,40.0,42,350,370.06421
cwh_dm_x_fdc_x,24,315,1.6099349171446553,41.0,44,350,379.09018
cwh_dm_x_fdc_x,24,331,1.6437877303137087,42.0,44,350,458.19748
cwh_dm_x_fdc_x,24,331,1.6437877303137087,42.0,44,350,458.19748
cwh_dm_x_fdc_x,24,331,0.2824025389111232,42.0,44,350,458.19748
cwh_dm_x_fdc_x,24,331,0.2824025389111232,42.0,44,350,458.19748
cwh_dm_x_fdc_x,24,284,1.7540245636828458,40.0,49,350,713.9563
cwh_dm_x_fdc_x,24,938,1.451039431595082,40.0,64,350,1039.33118
cwh_vm_1_hw_ba,25,662,0.4135649028647654,13.0,264,350,310.77441
cwh_vm_1_hw_ba,25,662,0.4135649028647654,13.0,264,350,310.77441
cwh_vm_1_hw_ba,25,662,0.4135649028647654,13.0,264,350,310.77441
cwh_vm_1_hw_ba,25,662,0.4135649028647654,13.0,264,350,310.77441
cwh_vm_1_hw_ba,25,638,27.295017846898915,21.0,69,350,375.33569
cwh_vm_1_dr_hw,26,105,0.547593163090524,22.0,79,350,219.0639
cwh_vm_1_dr_hw,26,105,0.547593163090524,22.0,79,350,219.0639
cwh_vm_1_dr_hw,26,105,0.547593163090524,22.0,79,350,219.0639
cwh_vm_1_dr_hw,26,105,0.547593163090524,22.0,79,350,219.0639
cwh_vm_1_dr_hw,26,105,0.547593163090524,22.0,79,350,219.0639
cwh_vm_1_dr_hw,26,105,0.547593163090524,22.0,79,350,219.0639
cwh_vm_1_dr_hw,26,105,2.5167672950714324,22.0,79,350,219.0639
cwh_vm_1_dr_hw,26,105,2.5167672950714324,22.0,79,350,219.0639
cwh_vm_1_dr_hw,26,105,2.5167672950714324,22.0,79,350,219.0639
cwh_vm_1_dr_hw,26,105,2.5167672950714324,22.0,79,350,219.0639
cwh_vm_1_dr_hw,26,105,2.5167672950714324,22.0,79,350,219.0639
cwh_vm_1_dr_hw,26,105,2.5167672950714324,22.0,79,350,219.0639
cwh_vm_1_dr_hw,26,105,1.5879282692918126,22.0,79,350,219.0639
cwh_vm_1_dr_hw,26,105,1.5879282692918126,22.0,79,350,219.0639
cwh_vm_1_dr_hw,26,105,1.5879282692918126,22.0,79,350,219.0639
cwh_vm_1_dr_hw,26,105,1.5879282692918126,22.0,79,350,219.0639
cwh_vm_1_dr_hw,26,105,1.5879282692918126,22.0,79,350,219.0639
cwh_vm_1_dr_hw,26,105,1.5879282692918126,22.0,79,350,219.0639
cwh_vm_1_dr_hw,26,105,0.2046085159509602,22.0,79,350,219.0639
cwh_vm_1_dr_hw,26,105,0.2046085159509602,22.0,79,350,219.0639
cwh_vm_1_dr_hw,26,105,0.2046085159509602,22.0,79,350,219.0639
cwh_vm_1_dr_hw,26,105,0.2046085159509602,22.0,79,350,219.0639
cwh_vm_1_dr_hw,26,105,0.2046085159509602,22.0,79,350,219.0639
cwh_vm_1_dr_hw,26,105,0.2046085159509602,22.0,79,350,219.0639
cwh_vm_1_dr_hw,26,105,2.5729027125332995,22.0,79,350,219.0639
cwh_vm_1_dr_hw,26,105,2.5729027125332995,22.0,79,350,219.0639
cwh_vm_1_dr_hw,26,105,2.5729027125332995,22.0,79,350,219.0639
cwh_vm_1_dr_hw,26,105,2.5729027125332995,22.0,79,350,219.0639
cwh_vm_1_dr_hw,26,105,2.5729027125332995,22.0,79,350,219.0639
cwh_vm_1_dr_hw,26,105,2.5729027125332995,22.0,79,350,219.0639
cwh_vm_1_dr_hw,26,105,0.4303455228904952,22.0,79,350,219.0639
cwh_vm_1_dr_hw,26,105,0.4303455228904952,22.0,79,350,219.0639
cwh_vm_1_dr_hw,26,105,0.4303455228904952,22.0,79,350,219.0639
cwh_vm_1_dr_hw,26,105,0.4303455228904952,22.0,79,350,219.0639
cwh_vm_1_dr_hw,26,105,0.4303455228904952,22.0,79,350,219.0639
cwh_vm_1_dr_hw,26,105,0.4303455228904952,22.0,79,350,219.0639
cwh_vm_1_dr_hw,26,506,0.5185194351456909,23.0,79,350,238.868
cwh_vm_1_dr_hw,26,506,0.5185194351456909,23.0,79,350,238.868
cwh_vm_1_dr_hw,26,506,0.5185194351456909,23.0,79,350,238.868
cwh_vm_1_dr_hw,26,506,2.5988044917468764,23.0,79,350,238.868
cwh_vm_1_dr_hw,26,506,2.5988044917468764,23.0,79,350,238.868
cwh_vm_1_dr_hw,26,506,2.5988044917468764,23.0,79,350,238.868
cwh_vm_1_dr_hw,26,506,1.4427385143253806,23.0,79,350,238.868
cwh_vm_1_dr_hw,26,506,1.4427385143253806,23.0,79,350,238.868
cwh_vm_1_dr_hw,26,506,1.4427385143253806,23.0,79,350,238.868
cwh_vm_1_dr_hw,26,891,2.669662236569468,30.0,84,350,255.7646
cwh_vm_1_dr_hw,26,891,2.669662236569468,30.0,84,350,255.7646
cwh_vm_1_dr_hw,26,891,2.669662236569468,30.0,84,350,255.7646
cwh_vm_1_dr_hw,26,891,1.6385052513888998,30.0,84,350,255.7646
cwh_vm_1_dr_hw,26,891,1.6385052513888998,30.0,84,350,255.7646
cwh_vm_1_dr_hw,26,891,1.6385052513888998,30.0,84,350,255.7646
cwh_vm_1_dr_hw,26,881,4.3192675796613225,27.0,74,350,275.48502
cwh_vm_1_dr_hw,26,430,4.674867060015834,23.0,79,350,290.68509
cwh_vm_1_fdc_x,27,265,2.586514297229191,32.0,7,350,19.0564
cwh_vm_1_fdc_x,27,265,2.586514297229191,32.0,7,350,19.0564
cwh_vm_1_fdc_x,27,265,6.653767603943696,32.0,7,350,19.0564
cwh_vm_1_fdc_x,27,265,6.653767603943696,32.0,7,350,19.0564
cwh_vm_1_fdc_x,27,131,1.9008911543470044,36.0,11,350,20.9293
cwh_vm_1_fdc_x,27,244,3.5040040237890766,36.0,12,350,22.3492
cwh_vm_1_fdc_x,27,130,2.989756994722039,36.0,11,350,27.1044
cwh_vm_1_fdc_x,27,39,0.839531796407921,37.0,5,350,31.0198
cwh_vm_1_fdc_x,27,427,1.4634779592281266,30.0,69,350,194.64699
cwh_vm_1_fdc_x,27,1043,0.9713713869242134,19.0,79,350,217.47819
cwh_dm_x_dr_mb,31,999,0.5426527250803291,23.0,14,350,1.6543
cwh_dm_x_dr_mb,31,999,0.5426527250803291,23.0,14,350,1.6543
cwh_dm_x_dr_mb,31,999,0.82548111639974,23.0,14,350,1.6543
cwh_dm_x_dr_mb,31,999,0.82548111639974,23.0,14,350,1.6543
cwh_dm_x_dr_mb,31,983,0.6892228872639443,19.0,39,350,119.4021
cwh_dm_x_dr_mb,31,210,2.4474014875181958,20.0,84,350,142.48328999999998
cwh_dm_x_dr_mb,31,848,1.7298047852856877,27.0,46,350,197.8766
cwh_dm_x_dr_mb,31,848,1.7298047852856877,27.0,46,350,197.8766
cwh_dm_x_dr_mb,31,848,1.7298047852856877,27.0,46,350,197.8766
cwh_dm_x_dr_mb,31,848,2.6059772268715986,27.0,46,350,197.8766
cwh_dm_x_dr_mb,31,848,2.6059772268715986,27.0,46,350,197.8766
cwh_dm_x_dr_mb,31,848,2.6059772268715986,27.0,46,350,197.8766
cwh_dm_x_dr_mb,31,848,1.493275281586544,27.0,46,350,197.8766
cwh_dm_x_dr_mb,31,848,1.493275281586544,27.0,46,350,197.8766
cwh_dm_x_dr_mb,31,848,1.493275281586544,27.0,46,350,197.8766
cwh_dm_x_dr_mb,31,984,1.694464944903933,23.0,54,350,264.9729
cwh_dm_x_dr_mb,31,846,2.0948045499079098,25.0,49,350,266.45511
cwh_dm_x_dr_mb,31,985,2.9487970343236705,28.0,54,350,414.8551
