au,BA,CW,DR,FD,HW,YC,Dec,Oth
2001,0,40,20,40,0,0,0,0
2002,0,40,20,40,0,0,0,0
2003,0,40,20,40,0,0,0,0
2004,0,30,10,40,20,0,0,0
2011,0,40,0,30,30,0,0,0
2012,0,40,0,30,30,0,0,0
2013,0,40,0,30,30,0,0,0
2014,0,40,0,30,30,0,0,0
2021,10,30,0,20,20,20,0,0
2022,10,30,0,20,20,20,0,0
2023,10,30,0,20,20,20,0,0
2024,10,30,0,20,20,20,0,0
2101,0,40,20,40,0,0,0,0
2102,0,40,20,40,0,0,0,0
2103,0,40,20,40,0,0,0,0
2104,0,30,10,40,20,0,0,0
2112,0,40,0,30,30,0,0,0
2113,0,40,0,30,30,0,0,0
2114,0,40,0,30,30,0,0,0
2121,0,40,0,30,30,0,0,0
2122,10,30,0,20,20,20,0,0
2123,10,30,0,20,20,20,0,0
2124,10,30,0,20,20,20,0,0
1,0,62.0143107484984,0,37.9856892515015,0,0,0,0
2,0,20,0,20,50,0,10,0
3,0,15,0,45,35,0,5,0
4,0,0,40,15,25,0,20,0
5,0,45,0,15,40,0,0,0
6,0,24.4914678107664,0,75.5085321892335,0,0,0,0
7,0,40,5,45,10,0,0,0
8,0,30,0,48,22,0,0,0
9,0,27,47,10,0,0,16,0
10,0,25,0,40,35,0,0,0
12,0,20,5,30,45,0,0,0
13,0,30,0,15,55,0,0,0
14,0,20,20,20,0,0,20,20
15,0,20,0,66.4416714320725,13.5583285679274,0,0,0
16,0,22.3725633057261,0,59.3790611571231,18.2483755371507,0,0,0
17,0,50,20,20,10,0,0,0
18,0,10,0,60,30,0,0,0
19,0,30,5,40,25,0,0,0
20,0,10,40,5,45,0,0,0
21,0,0,25,55,10,0,10,0
22,0,15,0,25,60,0,0,0
23,0,25,12,20,40,0,3,0
24,0,10,0,5,85,0,0,0
25,0,20,0,5,75,0,0,0
26,0,20,25,35,10,0,10,0
27,0,55,0,25,20,0,0,0
28,0,33,67,0,0,0,0,0
29,0,40,0,0,60,0,0,0
30,0,7.47559206157932,0,9.61147550774484,82.9129324306758,0,0,0
31,0,45,0,0,55,0,0,0
32,0,60,0,20,20,0,0,0
33,0,55,0,20,20,0,0,5
34,0,15,0,30,25,0,30,0
35,0,5,0,60,15,0,20,0
37,0,20,40,0,40,0,0,0
38,0,10.3478594362616,1.81087540134579,87.8412651623925,0,0,0,0
39,0,0,0,100,0,0,0,0
40,0,75,0,0,25,0,0,0
41,0,60,0,0,40,0,0,0
42,0,47.9469625716467,0,46.0928154996182,5.96022192873505,0,0,0
43,0,50,0,35,15,0,0,0
44,0,25,0,5,70,0,0,0
45,0,43.4971086237917,18.2514456881041,18.2514456881041,20,0,0,0
46,0,10,80,0,10,0,0,0
47,0,20,20,20,0,0,20,20
48,0,5.81985121075666,0,92.2401983856577,1.93995040358555,0,0,0
49,0,20,0,5,45,0,30,0
50,0,40,20,5,35,0,0,0
51,0,15,0,35,50,0,0,0
52,0,20,0,30,50,0,0,0
53,0,20,0,15,65,0,0,0
54,0,10,0,50,40,0,0,0
55,0,0,60,25,10,0,5,0
56,0,10,70,0,10,0,10,0
57,0,20,0,10,40,0,30,0
58,0,5,15,60,5,0,15,0
59,0,21.4350947262629,27.129810547474,0,51.4350947262629,0,0,0
62,0,27,3,30,40,0,0,0
63,0,30,3,40,27,0,0,0
64,0,0,5,65,30,0,0,0
65,13,29,0,31,27,0,0,0
67,0,30,35,15,20,0,0,0
69,0,15,40,15,0,0,30,0
70,0,40.5174123121595,0,44.3963523024805,15.0862353853599,0,0,0
71,0,0,0,90,10,0,0,0
72,0,50,0,50,0,0,0,0
73,22,32,0,34,0,12,0,0
74,0,35,0,50,15,0,0,0
76,0,50,5,20,25,0,0,0
77,0,10.8350274954174,0,89.1649725045825,0,0,0,0
78,0,65,0,5,30,0,0,0
79,0,50,0,20,30,0,0,0
80,20,20,0,0,40,20,0,0
81,0,10,0,65,25,0,0,0
82,10,60,5,5,0,20,0,0
83,0,67,0,3,30,0,0,0
84,0,45,0,5,50,0,0,0
85,0,0,0,95,5,0,0,0
86,0,40,25,35,0,0,0,0
87,0,30,0,45,25,0,0,0
88,0,10,0,55,35,0,0,0
89,0,5,45,5,20,0,25,0
90,0,60,0,20,20,0,0,0
92,19.0544075948177,31.4183886077734,0,13.1757345991362,19.0544075948177,6.35146919827257,10.9455924051822,0
93,0,35,0,20,45,0,0,0
94,0,30,10,10,40,0,10,0
95,0,30,40,30,0,0,0,0
97,0,10,25,10,30,0,25,0
98,0,6.23174137190319,4.67380602892739,53.7682586280968,35.3261939710726,0,0,0
99,0,35,0,0,65,0,0,0
100,0,25,0,20,55,0,0,0
101,0,20,0,10,70,0,0,0
102,0,45,0,5,50,0,0,0
103,0,0,0,80,20,0,0,0
104,0,10,0,5,85,0,0,0
105,0,20,40,5,25,0,10,0
106,0,0,0,65,35,0,0,0
107,0,0,0,85,15,0,0,0
108,0,50,0,50,0,0,0,0
109,0,5,0,80,15,0,0,0
110,0,0,0,85,15,0,0,0
111,0,0,0,70,30,0,0,0
112,0,5,0,80,15,0,0,0
113,0,0,0,90,5,0,5,0
114,0,0,0,100,0,0,0,0
115,0,0,0,85,15,0,0,0
116,0,0,55,5,30,0,10,0
117,25,60,10,0,0,0,5,0
118,0,0,3,77,20,0,0,0
119,0,30,15,10,35,0,10,0
120,0,25,10,35,30,0,0,0
121,0,46,29,0,15,0,10,0
122,0,40,0,20,40,0,0,0
123,0,33.6285409324125,0,44.6002134731124,14.51416372965,0,7.25708186482502,0
124,0,40,10,20,30,0,0,0
125,0,55,0,20,25,0,0,0
126,0,0,2,90,8,0,0,0
127,0,50,0,40,0,0,0,10
128,0,40,3,7,50,0,0,0
129,0,30,0,0,70,0,0,0
130,4.08298838441776,16.331953537671,0,71.4190813090757,0,8.16597676883552,0,0
131,5.91562187616673,23.6624875046669,0,58.5906468668328,0,11.8312437523334,0,0
132,0,40,0,45,15,0,0,0
133,0,35,0,15,50,0,0,0
134,0,33.3912750452816,19.8261748641552,26.7825500905631,6.60872495471841,0,0,13.3912750452815
135,0,40,0,60,0,0,0,0
136,0,65.643257903563,0,34.3567420964369,0,0,0,0
137,0,55,0,5,40,0,0,0
138,0,20,0,0,80,0,0,0
139,3.02076613839619,24.1661291071695,0,63.7508063392456,0,6.04153227679239,0,3.02076613839619
141,0,40,0,5,55,0,0,0
142,0,15,0,25,60,0,0,0
143,0,10,5,10,75,0,0,0
144,0,15,0,10,75,0,0,0
145,0,25,0,10,65,0,0,0
146,10,45,0,0,45,0,0,0
147,0,35,0,5,60,0,0,0
148,0,15,3,25,57,0,0,0
149,0,20,0,20,60,0,0,0
150,0,15,0,50,35,0,0,0
151,0,20,0,10,70,0,0,0
152,0,0,90,0,5,0,5,0
153,0,5,80,0,15,0,0,0
154,0,15,0,40,45,0,0,0
155,0,25,0,65,10,0,0,0
156,0,20,0,10,70,0,0,0
157,0,45,0,0,55,0,0,0
158,0,10,0,70,20,0,0,0
159,0,30,0,0,70,0,0,0
160,0,5,3,42,50,0,0,0
161,0,10,0,3,87,0,0,0
162,0,30,0,5,65,0,0,0
163,0,22.7858271719549,0,45.2496048981576,0,25.5716543439099,0,6.39291358597747
164,0,40,0,40,0,20,0,0
165,0,0,5,85,10,0,0,0
166,0,40,0,40,0,20,0,0
167,0,15,30,30,20,0,5,0
168,0,59.5510900300316,0,26.8163033233227,6.81630332332278,0,0,6.81630332332278
169,5.47782350251486,21.9112940100594,0,57.1330589849108,0,10.9556470050297,4.52217649748513,0
170,0,33.4043259160946,0,66.5956740839053,0,0,0,0
171,0,50,0,40,0,0,0,10
173,0,26.1250508612505,0,73.8749491387494,0,0,0,0
174,0,45,0,5,50,0,0,0
175,0,20,0,10,70,0,0,0
176,10,40,0,30,0,10,0,10
177,0,31.6470897197154,0,26.3059256076015,37.3881487847968,0,0,4.65883588788616
178,0,60,0,20,20,0,0,0
179,0,0,100,0,0,0,0,0
180,0,55,0,10,35,0,0,0
181,0,50,0,25,25,0,0,0
182,0,50,0,10,40,0,0,0
183,0,10,5,45,40,0,0,0
184,0,25,40,0,35,0,0,0
185,0,70,0,5,25,0,0,0
186,0,30,0,25,45,0,0,0
187,10,40,0,30,0,20,0,0
188,0,18.1925890993712,9.09629454968563,39.0666745264146,33.6444418245284,0,0,0
189,0,50,10,30,10,0,0,0
190,0,5,45,25,20,0,5,0
191,0,0,0,80,20,0,0,0
192,0,18.9569580045626,18.9569580045626,41.0430419954373,21.0430419954373,0,0,0
193,0,20,45,10,0,0,25,0
194,0,0,35,40,15,0,10,0
195,0,60,0,30,0,0,0,10
196,0,0,0,100,0,0,0,0
197,0,0,0,100,0,0,0,0
198,0,45,0,45,0,0,0,10
199,0,10,5,25,50,0,10,0
200,0,10,0,50,40,0,0,0
201,0,0,20,35,30,0,15,0
202,0,15,0,15,70,0,0,0
203,0,50,0,5,45,0,0,0
204,0,20,0,50,30,0,0,0
205,0,5,15,50,20,0,10,0
206,0,10,0,30,60,0,0,0
207,0,18,0,58,24,0,0,0
208,0,10,0,15,75,0,0,0
209,0,35,5,0,55,0,5,0
210,0,5,40,5,20,0,30,0
211,0,55,0,20,25,0,0,0
212,0,60,20,0,20,0,0,0
213,0,40,5,10,45,0,0,0
214,0,0,90,2,3,0,5,0
215,0,0,5,50,45,0,0,0
216,0,10,0,5,85,0,0,0
217,0,25,0,0,75,0,0,0
218,0,20,0,0,80,0,0,0
219,0,10,0,40,50,0,0,0
220,5,80,0,0,15,0,0,0
221,0,70,0,0,30,0,0,0
222,0,10,60,0,10,0,20,0
223,0,60,0,0,40,0,0,0
224,0,35,5,10,50,0,0,0
225,0,50,0,50,0,0,0,0
226,0,25,0,0,75,0,0,0
227,0,33,0,2,65,0,0,0
228,0,20,0,30,50,0,0,0
229,0,40,35,0,25,0,0,0
230,0,20,0,5,75,0,0,0
231,0,20,0,5,75,0,0,0
232,0,0,0,100,0,0,0,0
233,0,0,0,100,0,0,0,0
234,0,15,25,40,20,0,0,0
235,0,15,0,35,50,0,0,0
236,0,20,15,40,20,0,5,0
237,0,15,0,15,70,0,0,0
238,0,10,0,60,20,0,10,0
239,0,10,80,0,0,0,10,0
240,0,35,0,15,45,0,5,0
241,0,5,0,80,15,0,0,0
242,0,70,0,5,25,0,0,0
243,0,40,0,5,55,0,0,0
244,3.20558542160514,25.6446833728411,0,55.1218040975279,0,16.0279271080257,0,0
245,10,40,0,30,0,20,0,0
246,0,20,0,5,75,0,0,0
247,0,40,0,0,60,0,0,0
248,10,30,0,30,0,20,0,10
249,0,50,0,50,0,0,0,0
250,0,40,0,0,60,0,0,0
251,10,25,5,20,40,0,0,0
253,0,0,0,80,20,0,0,0
254,0,90,0,10,0,0,0,0
255,0,10,0,60,30,0,0,0
256,0,55,15,25,5,0,0,0
257,0,17.9841627742045,5.54355237093737,76.472284854858,0,0,0,0
258,0,5,80,0,5,0,10,0
259,0,55,0,30,15,0,0,0
260,0,15,10,5,40,0,30,0
261,0,80,0,20,0,0,0,0
262,5,40,0,30,0,20,0,5
263,0,50,0,20,0,20,0,10
265,0,24.2135789622751,0,69.733026297156,0,0,0,6.05339474056879
266,0,30,70,0,0,0,0,0
267,0,0,3,55,42,0,0,0
268,0,15.4588150034,0,15.4588150034,0,0,69.0823699931999,0
269,10,50,0,30,0,10,0,0
270,0,46,11,28,15,0,0,0
271,0,8.36881594078133,0,83.4909209349478,8.14026312427081,0,0,0
272,0,65,0,5,30,0,0,0
273,0,38,1,44,15,0,2,0
274,0,40,30,30,0,0,0,0
275,3,44,0,39,6,8,0,0
276,0,65,0,5,30,0,0,0
277,0,64.8330359418811,0,23.4446427054125,0,11.7223213527062,0,0
278,0,45,0,50,0,0,0,5
279,0,30,0,0,70,0,0,0
280,5.44011209181533,34.5598879081846,0,26.320336275446,22.7994395409233,5.44011209181533,0,5.44011209181533
281,0,5,5,65,25,0,0,0
283,0,55,0,0,45,0,0,0
284,0,0,0,100,0,0,0,0
285,0,96.1779006794007,0,0,3.8220993205992,0,0,0
286,0,45,0,0,55,0,0,0
287,0,40,0,40,0,20,0,0
289,0,0,10,80,10,0,0,0
290,0,0,100,0,0,0,0,0
291,0,50,0,40,0,0,0,10
292,0,35,0,5,60,0,0,0
293,10,60,0,30,0,0,0,0
294,0,0,0,75,25,0,0,0
295,0,30,10,40,20,0,0,0
296,0,30,5,25,40,0,0,0
297,0,10,5,40,35,0,10,0
298,0,0,0,100,0,0,0,0
299,0,10,75,0,5,0,10,0
300,0,25,0,35,40,0,0,0
301,0,20,0,0,80,0,0,0
303,0,20,0,0,80,0,0,0
306,0,40,0,10,50,0,0,0
307,0,25,0,5,70,0,0,0
308,0,35,0,5,60,0,0,0
309,0,30,0,10,60,0,0,0
310,0,15,5,0,70,0,10,0
311,0,50,0,20,30,0,0,0
312,0,31,4,62,3,0,0,0
314,0,50,0,20,0,0,0,30
315,0,0,0,100,0,0,0,0
318,0,0,100,0,0,0,0,0
319,0,40.2018402794892,0,49.3944791615321,9.79815972051069,0,0,0.605520838467911
320,0,15,0,15,70,0,0,0
321,0,15,5,10,70,0,0,0
322,0,70,0,5,25,0,0,0
323,0,35,0,0,65,0,0,0
324,0,80,0,0,20,0,0,0
325,0,10,20,35,35,0,0,0
326,0,20,5,20,55,0,0,0
327,0,20,0,10,70,0,0,0
328,0,36,0,33,31,0,0,0
329,0,0,0,0,0,0,100,0
330,0,30,0,25,45,0,0,0
331,0,0,0,100,0,0,0,0
332,0,20,0,80,0,0,0,0
334,0,15,5,20,60,0,0,0
336,0,10,2,10,78,0,0,0
337,0,25,3,10,60,0,2,0
343,0,10,0,90,0,0,0,0
349,0,10,0,10,80,0,0,0
350,0,20,0,40,40,0,0,0
351,0,60,10,15,15,0,0,0
352,0,20,10,30,40,0,0,0
353,0,25,0,10,65,0,0,0
354,0,15,0,50,35,0,0,0
355,2,30,0,5,63,0,0,0
356,0,10,0,40,50,0,0,0
362,0,55,0,20,20,0,0,5
363,0,47,45,8,0,0,0,0
364,0,40,0,10,50,0,0,0
365,0,15,0,50,35,0,0,0
366,0,45,0,15,40,0,0,0
368,0,25,20,20,35,0,0,0
369,0,45,0,0,55,0,0,0
370,0,0,100,0,0,0,0,0
371,0,0,80,0,5,0,15,0
372,0,0,0,0,100,0,0,0
373,0,10,0,10,80,0,0,0
374,0,50,0,15,35,0,0,0
375,0,0,100,0,0,0,0,0
376,10,10,0,0,80,0,0,0
377,0,40,0,10,50,0,0,0
378,0,40,0,14,45,0,0,1
379,15,75,0,0,10,0,0,0
380,10,40,40,0,10,0,0,0
381,10,50,0,0,40,0,0,0
382,0,5,0,5,90,0,0,0
383,0,10,0,35,55,0,0,0
384,0,10,0,20,70,0,0,0
385,0,30,5,0,65,0,0,0
386,0,35,5,5,55,0,0,0
387,0,20,0,15,65,0,0,0
388,0,20,0,5,75,0,0,0
389,0,15,0,5,80,0,0,0
390,0,30,0,0,70,0,0,0
391,0,40,0,35,25,0,0,0
392,0,15,0,5,80,0,0,0
393,0,80,0,0,20,0,0,0
394,0,10,0,40,50,0,0,0
395,0,60,0,0,40,0,0,0
396,0,35,0,40,25,0,0,0
397,0,10,0,10,80,0,0,0
398,5,70,0,5,20,0,0,0
399,0,20,0,10,70,0,0,0
400,0,15,0,75,7,0,3,0
401,0,10,0,50,40,0,0,0
402,0,10,0,10,80,0,0,0
403,0,15,0,15,70,0,0,0
404,40,20,0,0,40,0,0,0
405,10,20,0,0,70,0,0,0
406,30,25,0,0,45,0,0,0
407,30,25,0,0,45,0,0,0
408,0,20,0,0,80,0,0,0
409,20,20,0,0,60,0,0,0
410,30,25,0,0,45,0,0,0
411,20,20,0,0,60,0,0,0
412,0,35,0,15,50,0,0,0
413,0,20,0,20,60,0,0,0
414,0,5,0,30,65,0,0,0
415,0,10,0,30,60,0,0,0
416,0,15,0,5,80,0,0,0
417,0,0,0,70,30,0,0,0
418,20,40,0,0,40,0,0,0
419,0,15,0,15,70,0,0,0
420,20,20,0,0,60,0,0,0
421,20,20,0,0,60,0,0,0
422,25,20,0,0,55,0,0,0
423,10,25,0,0,65,0,0,0
424,40,20,0,0,40,0,0,0
425,45,20,0,0,35,0,0,0
426,10,20,0,5,65,0,0,0
427,0,4.42781620151008,0,55.7218379848991,39.8503458135907,0,0,0
428,0,15,15,40,30,0,0,0
429,0,30,10,25,35,0,0,0
430,0,0,85,5,10,0,0,0
431,0,15,0,15,70,0,0,0
432,0,20,0,20,60,0,0,0
433,0,60,0,0,40,0,0,0
434,0,20,10,50,20,0,0,0
435,0,20,0,0,80,0,0,0
436,0,27,0,3,70,0,0,0
437,0,30,0,50,20,0,0,0
438,0,10,0,55,35,0,0,0
439,0,30,10,15,40,0,5,0
440,0,30,0,10,60,0,0,0
441,0,50,0,0,50,0,0,0
442,5,60,0,0,35,0,0,0
443,0,40,0,0,60,0,0,0
444,0,40,0,0,60,0,0,0
445,0,100,0,0,0,0,0,0
446,0,55,0,0,45,0,0,0
448,0,55,0,30,15,0,0,0
449,0,30,0,50,20,0,0,0
450,0,30,0,10,60,0,0,0
451,0,40,0,5,55,0,0,0
452,0,0,5,10,85,0,0,0
453,0,15,0,5,80,0,0,0
454,0,70,0,0,30,0,0,0
455,0,20,0,10,70,0,0,0
456,0,20,0,35,45,0,0,0
457,0,10,60,0,10,0,20,0
458,0,10,0,35,55,0,0,0
459,0,15,50,0,25,0,10,0
460,0,25,0,5,70,0,0,0
461,0,35,0,10,55,0,0,0
462,0,20,0,35,45,0,0,0
463,5,20,0,10,65,0,0,0
464,0,35,0,5,60,0,0,0
465,0,40,0,5,55,0,0,0
466,0,10,0,35,55,0,0,0
467,0,15,0,0,85,0,0,0
468,0,15,0,15,70,0,0,0
469,0,60,0,0,40,0,0,0
470,0,20,0,20,60,0,0,0
471,10,50,0,0,40,0,0,0
472,0,5,0,65,30,0,0,0
473,0,5,0,55,40,0,0,0
474,0,20,0,45,35,0,0,0
475,0,15,0,40,45,0,0,0
476,0,0,75,0,15,0,10,0
477,0,43,0,30,26,0,1,0
478,0,20,0,0,80,0,0,0
479,0,10,10,20,60,0,0,0
480,0,10,0,30,60,0,0,0
481,30,40,0,10,0,20,0,0
484,0,5,75,0,10,0,10,0
485,0,18,0,75,7,0,0,0
486,0,10,0,35,55,0,0,0
487,0,10,5,40,45,0,0,0
488,0,50,0,10,40,0,0,0
489,0,25,5,10,60,0,0,0
490,0,35,25,0,25,0,15,0
491,0,20,0,60,20,0,0,0
492,0,25,65,5,5,0,0,0
493,0,20,0,5,75,0,0,0
494,0,25,5,0,70,0,0,0
495,0,10,0,5,85,0,0,0
496,0,10,0,10,80,0,0,0
497,35,15,0,0,50,0,0,0
498,5,20,0,5,70,0,0,0
499,0,30,0,15,55,0,0,0
500,0,35,0,5,60,0,0,0
501,30,20,0,0,50,0,0,0
502,0,35,0,25,40,0,0,0
503,0,5,80,10,5,0,0,0
504,0,15,0,55,30,0,0,0
505,0,5,0,45,50,0,0,0
506,0,5,65,0,20,0,10,0
507,0,10,0,35,55,0,0,0
508,0,0,0,20,80,0,0,0
509,0,10,0,0,90,0,0,0
510,0,10,0,0,90,0,0,0
511,0,15,0,0,85,0,0,0
512,0,18,2,20,60,0,0,0
513,0,10,0,20,70,0,0,0
514,0,25,0,5,70,0,0,0
515,0,0,0,60,40,0,0,0
516,0,20,0,5,75,0,0,0
517,0,10,0,0,90,0,0,0
518,0,27,0,3,70,0,0,0
519,0,4,0,0,90,0,6,0
520,0,10,0,17,73,0,0,0
521,0,15,0,15,70,0,0,0
522,0,40,0,0,60,0,0,0
523,0,20,0,0,80,0,0,0
524,10,50,0,5,35,0,0,0
525,0,80,0,0,20,0,0,0
526,0,100,0,0,0,0,0,0
527,0,5,0,15,80,0,0,0
528,0,30,25,5,40,0,0,0
529,0,25,0,0,75,0,0,0
530,0,30,0,55,15,0,0,0
531,0,60,0,0,40,0,0,0
532,0,15,0,70,15,0,0,0
533,0,10,0,30,60,0,0,0
534,0,10,0,35,55,0,0,0
535,0,25,3,52,20,0,0,0
536,0,25,0,60,15,0,0,0
537,0,20,0,20,60,0,0,0
538,0,0,80,0,10,0,10,0
539,0,0,5,60,35,0,0,0
540,0,5,0,55,40,0,0,0
541,0,20,0,20,60,0,0,0
542,0,0,0,70,30,0,0,0
543,0,10,0,40,50,0,0,0
544,0,30,0,0,70,0,0,0
545,0,20,40,0,20,0,20,0
546,0,20,10,5,65,0,0,0
547,0,25,15,5,55,0,0,0
548,0,80,0,0,20,0,0,0
549,0,20,0,10,70,0,0,0
550,0,25,0,5,70,0,0,0
551,0,0,0,15,85,0,0,0
552,0,15,0,5,80,0,0,0
553,0,20,0,10,70,0,0,0
554,0,50,0,5,45,0,0,0
555,0,40,5,5,50,0,0,0
556,0,5,0,5,90,0,0,0
557,0,20,0,0,80,0,0,0
558,0,20,0,5,75,0,0,0
559,0,20,0,15,65,0,0,0
560,0,30,0,10,60,0,0,0
561,0,20,5,30,45,0,0,0
562,0,25,0,25,50,0,0,0
563,0,55,5,0,40,0,0,0
564,0,40,0,15,45,0,0,0
565,5,45,0,0,50,0,0,0
566,0,35,0,5,60,0,0,0
567,0,30,0,0,70,0,0,0
568,0,5,85,0,10,0,0,0
569,0,9,0,32,59,0,0,0
571,0,10,0,25,65,0,0,0
572,0,40,0,0,60,0,0,0
573,0,40,0,15,45,0,0,0
574,0,45,0,0,55,0,0,0
575,0,15,0,15,70,0,0,0
576,0,20,0,0,80,0,0,0
577,0,5,0,60,35,0,0,0
578,0,10,0,20,70,0,0,0
579,0,55,0,15,30,0,0,0
580,0,10,55,5,30,0,0,0
581,0,5,85,0,10,0,0,0
582,0,10,3,2,85,0,0,0
583,0,30,0,10,60,0,0,0
584,0,100,0,0,0,0,0,0
586,0,35,0,5,60,0,0,0
587,0,10,0,35,55,0,0,0
588,0,10,0,0,90,0,0,0
589,0,35,0,20,45,0,0,0
590,0,10,0,5,85,0,0,0
591,0,0,20,20,40,0,20,0
592,0,20,0,10,70,0,0,0
593,0,10,0,0,90,0,0,0
594,0,20,0,20,60,0,0,0
595,0,40,0,5,55,0,0,0
596,0,25,0,60,15,0,0,0
597,5,5,0,50,40,0,0,0
598,0,15,0,5,80,0,0,0
599,0,15,0,10,75,0,0,0
600,0,30,0,10,60,0,0,0
601,5,15,0,0,80,0,0,0
602,0,20,0,5,75,0,0,0
603,0,10,0,10,80,0,0,0
604,0,35,0,5,60,0,0,0
605,0,25,0,5,70,0,0,0
606,0,85,0,0,15,0,0,0
608,0,32,0,13,55,0,0,0
609,0,20,0,5,75,0,0,0
610,0,50,0,5,45,0,0,0
611,0,50,0,10,40,0,0,0
612,0,20,15,0,60,0,5,0
613,0,10,0,0,85,0,5,0
614,0,40,0,5,55,0,0,0
615,0,15,0,15,70,0,0,0
616,3,25,0,5,67,0,0,0
617,0,50,5,15,30,0,0,0
619,0,10,0,50,40,0,0,0
620,0,50,0,5,45,0,0,0
621,0,20,60,5,15,0,0,0
622,0,25,5,40,30,0,0,0
623,0,30,0,50,20,0,0,0
624,0,60,0,20,10,0,10,0
625,0,15,5,70,10,0,0,0
626,0,40,5,45,10,0,0,0
627,0,45,25,0,30,0,0,0
628,0,30,5,50,15,0,0,0
629,0,45,5,30,20,0,0,0
630,0,30,0,55,15,0,0,0
631,0,20,80,0,0,0,0,0
632,5,5,0,70,20,0,0,0
633,0,30,0,10,60,0,0,0
634,0,5,0,15,80,0,0,0
635,10,20,0,0,70,0,0,0
636,0,45,0,43,0,0,0,12
637,5,40,0,5,50,0,0,0
638,20,20,0,0,60,0,0,0
639,60,20,0,0,20,0,0,0
640,30,40,0,0,30,0,0,0
641,30,40,0,0,30,0,0,0
642,10,10,0,0,80,0,0,0
643,40,20,0,0,40,0,0,0
644,60,25,0,0,15,0,0,0
645,0,45,0,25,30,0,0,0
646,35,25,0,0,40,0,0,0
647,15,35,0,0,50,0,0,0
648,30,20,0,0,50,0,0,0
649,5,20,0,10,65,0,0,0
650,40,15,0,0,45,0,0,0
651,0,20,0,50,30,0,0,0
652,15,35,0,5,45,0,0,0
653,0,30,5,15,50,0,0,0
654,0,10,0,25,65,0,0,0
655,0,55,0,0,45,0,0,0
656,0,15,0,40,45,0,0,0
657,0,15,0,20,65,0,0,0
658,0,10,0,60,30,0,0,0
659,0,10,0,40,50,0,0,0
660,0,20,0,5,75,0,0,0
661,0,37,0,6,57,0,0,0
662,20,20,0,0,60,0,0,0
663,0,25,0,0,75,0,0,0
664,5,40,0,30,10,10,0,5
665,0,20,0,5,75,0,0,0
666,0,10,0,20,70,0,0,0
667,0,10,0,0,90,0,0,0
668,0,35,0,30,35,0,0,0
669,0,10,0,35,55,0,0,0
670,0,25,0,20,55,0,0,0
671,0,10,0,20,70,0,0,0
672,0,15,0,20,65,0,0,0
673,0,10,0,40,50,0,0,0
674,0,25,0,15,60,0,0,0
675,0,15,15,10,60,0,0,0
676,0,25,5,40,15,0,15,0
677,0,10,0,10,80,0,0,0
678,0,20,0,40,40,0,0,0
679,0,40,0,5,55,0,0,0
680,0,10,0,5,85,0,0,0
681,0,30,0,15,55,0,0,0
682,0,20,0,0,80,0,0,0
683,0,5,0,5,90,0,0,0
684,0,30,0,15,55,0,0,0
685,0,18,0,2,80,0,0,0
687,0,0,0,5,95,0,0,0
688,0,0,0,70,30,0,0,0
689,3,15,0,2,75,5,0,0
690,0,20,0,10,70,0,0,0
691,0,15,0,10,75,0,0,0
692,0,20,0,20,60,0,0,0
693,15,30,0,0,55,0,0,0
694,0,15,0,25,60,0,0,0
696,0,0,0,0,100,0,0,0
697,0,20,0,15,65,0,0,0
698,0,0,0,30,70,0,0,0
699,0,40,0,15,45,0,0,0
700,0,20,0,5,75,0,0,0
701,0,20,0,50,20,0,10,0
702,0,40,0,3,57,0,0,0
703,0,65,10,0,20,0,5,0
704,0,35,5,15,45,0,0,0
705,0,20,0,10,70,0,0,0
706,0,50,10,10,30,0,0,0
707,0,0,2,80,18,0,0,0
708,0,0,60,20,10,0,10,0
709,0,50,10,5,35,0,0,0
710,5,40,0,5,50,0,0,0
711,10,30,0,0,60,0,0,0
712,0,45,0,15,40,0,0,0
713,0,40,0,10,50,0,0,0
714,0,65,10,0,25,0,0,0
715,0,35,0,5,60,0,0,0
716,0,30,0,0,70,0,0,0
717,0,70,0,0,30,0,0,0
718,0,0,0,20,80,0,0,0
719,0,80,0,0,20,0,0,0
720,0,37,3,5,55,0,0,0
721,0,50,0,3,47,0,0,0
722,0,55,0,5,40,0,0,0
723,0,15,0,3,82,0,0,0
724,0,50,0,0,50,0,0,0
725,0,57,0,5,38,0,0,0
726,0,10,0,15,75,0,0,0
727,0,7,3,35,55,0,0,0
728,0,5,20,30,45,0,0,0
729,0,15,0,35,50,0,0,0
730,0,10,0,50,40,0,0,0
731,0,10,0,10,80,0,0,0
732,0,5,0,5,90,0,0,0
733,0,15,0,5,80,0,0,0
734,0,15,0,20,65,0,0,0
735,0,10,0,20,70,0,0,0
736,0,10,0,15,75,0,0,0
737,0,15,0,0,85,0,0,0
738,0,5,0,30,65,0,0,0
739,0,40,0,0,60,0,0,0
740,0,20,0,25,55,0,0,0
741,0,25,0,0,75,0,0,0
742,25,0,0,5,70,0,0,0
743,10,70,0,0,20,0,0,0
744,0,100,0,0,0,0,0,0
745,0,15,0,15,70,0,0,0
746,0,20,0,10,70,0,0,0
747,0,0,40,5,35,0,20,0
748,0,20,0,20,60,0,0,0
749,0,5,0,25,70,0,0,0
750,0,5,0,20,75,0,0,0
751,0,20,5,10,65,0,0,0
752,0,10,35,40,15,0,0,0
753,0,20,0,5,75,0,0,0
754,0,15,0,20,65,0,0,0
755,0,15,0,50,35,0,0,0
756,0,85,0,0,15,0,0,0
757,0,20,0,2,78,0,0,0
758,0,15,0,45,40,0,0,0
759,0,10,0,35,55,0,0,0
760,0,0,0,0,100,0,0,0
761,0,10,0,10,80,0,0,0
762,0,10,0,40,50,0,0,0
763,0,30,0,0,70,0,0,0
764,0,25,0,5,70,0,0,0
765,0,25,0,10,65,0,0,0
766,0,25,0,5,70,0,0,0
767,0,20,0,10,70,0,0,0
768,15,55,0,0,30,0,0,0
769,0,75,0,3,22,0,0,0
770,0,50,2,0,48,0,0,0
771,10,35,0,0,55,0,0,0
772,5,35,10,0,50,0,0,0
773,0,35,0,5,60,0,0,0
774,0,19.3462390778857,14.0193586168286,24.5763264547996,37.384956311543,0,4.67311953894288,0
775,0,25,10,30,35,0,0,0
776,0,40,0,10,50,0,0,0
777,0,25,0,5,70,0,0,0
778,0,20,0,0,80,0,0,0
779,0,70,0,5,25,0,0,0
780,0,60,0,15,25,0,0,0
781,0,30,0,0,70,0,0,0
782,0,65,0,5,30,0,0,0
783,0,5,0,30,65,0,0,0
784,0,50,0,15,35,0,0,0
785,0,25,5,15,55,0,0,0
786,0,53,0,8,38,0,1,0
787,0,20,0,10,70,0,0,0
788,0,35,0,5,60,0,0,0
789,0,30,0,3,67,0,0,0
790,0,35,0,30,35,0,0,0
791,0,20,0,20,60,0,0,0
792,0,80,0,0,20,0,0,0
793,0,10,0,50,40,0,0,0
794,0,20,0,20,60,0,0,0
795,0,20,25,25,30,0,0,0
796,0,5,0,10,85,0,0,0
797,0,60,15,0,25,0,0,0
798,0,60,0,0,40,0,0,0
799,0,35,0,0,65,0,0,0
800,0,10,0,40,50,0,0,0
801,0,20,20,15,45,0,0,0
802,0,20,0,35,45,0,0,0
803,0,15,0,20,65,0,0,0
805,0,0,0,30,70,0,0,0
806,0,5,0,50,45,0,0,0
808,0,15,0,5,80,0,0,0
809,0,10,0,10,80,0,0,0
810,0,0,0,90,10,0,0,0
811,0,15,0,30,55,0,0,0
812,0,5,0,15,80,0,0,0
813,0,10,0,40,50,0,0,0
814,0,5,85,0,10,0,0,0
815,0,35,0,15,50,0,0,0
816,0,30,0,55,15,0,0,0
817,0,15,0,45,40,0,0,0
818,0,15,0,25,60,0,0,0
819,0,5,10,60,20,0,5,0
820,0,0,90,5,5,0,0,0
821,0,10,10,35,45,0,0,0
822,0,0,95,0,5,0,0,0
823,0,10,25,30,35,0,0,0
824,0,10,8,60,22,0,0,0
825,0,20,0,35,45,0,0,0
826,0,10,10,35,40,0,5,0
827,0,10,0,60,30,0,0,0
828,0,20,0,10,70,0,0,0
830,0,5,5,65,25,0,0,0
831,0,10,0,15,75,0,0,0
832,0,2,1,52,45,0,0,0
833,0,15,5,55,25,0,0,0
834,0,36.8320885216817,15.1399262319318,3.94402950722725,44.0839557391591,0,0,0
835,0,35,40,0,25,0,0,0
836,0,0,60,5,5,0,30,0
837,0,0,90,0,0,0,10,0
838,0,10,0,25,65,0,0,0
839,0,20,0,45,35,0,0,0
840,0,30,10,50,10,0,0,0
841,0,10,0,50,40,0,0,0
842,0,10,40,20,30,0,0,0
843,0,20,0,70,10,0,0,0
844,0,20,0,30,50,0,0,0
845,0,10,0,60,28,0,2,0
846,0,0,85,0,5,0,10,0
847,0,20,30,50,0,0,0,0
848,0,0,45,0,20,0,35,0
849,0,0,70,10,10,0,10,0
850,0,0,3,85,10,0,2,0
851,0,0,45,0,3,0,52,0
852,0,0,2,90,5,0,3,0
853,0,5,50,15,10,0,20,0
854,0,20,0,60,20,0,0,0
855,0,40,0,0,45,0,15,0
856,0,0,15,85,0,0,0,0
857,0,5,0,85,10,0,0,0
858,0,0,0,95,5,0,0,0
859,0,5,35,40,20,0,0,0
860,0,10,15,30,45,0,0,0
861,0,30,0,0,70,0,0,0
862,0,37,0,3,60,0,0,0
863,0,60,0,10,30,0,0,0
864,0,10,0,5,85,0,0,0
865,0,30,30,0,40,0,0,0
866,0,5,5,5,85,0,0,0
867,0,50,25,0,25,0,0,0
868,0,20,70,0,10,0,0,0
870,0,20,0,45,35,0,0,0
871,0,25,0,65,10,0,0,0
872,0,25,0,55,20,0,0,0
873,0,30,0,5,65,0,0,0
874,0,20,5,35,40,0,0,0
875,0,20,0,15,65,0,0,0
876,0,5,0,5,90,0,0,0
877,0,16,0,0,84,0,0,0
878,0,20,50,0,15,0,15,0
879,0,10,0,20,70,0,0,0
880,0,25,5,20,50,0,0,0
881,0,15,40,15,30,0,0,0
882,0,17,3,10,70,0,0,0
883,0,40,0,20,40,0,0,0
884,0,15,5,70,10,0,0,0
885,0,0,5,45,50,0,0,0
886,0,10,20,20,50,0,0,0
887,0,30,5,3,62,0,0,0
888,0,30,0,5,65,0,0,0
889,0,30,0,5,65,0,0,0
890,0,25,5,0,70,0,0,0
891,0,20,40,0,40,0,0,0
892,0,35,0,15,50,0,0,0
893,0,50,0,0,35,0,15,0
894,0,40,0,10,50,0,0,0
895,0,15,0,5,80,0,0,0
896,0,15,0,2,80,0,3,0
897,0,30,0,5,65,0,0,0
898,0,50,3,0,45,0,2,0
899,0,25,0,0,75,0,0,0
900,0,15,75,0,0,0,10,0
901,0,0,10,70,20,0,0,0
902,0,35.3227152581364,10.2740993193044,21.1936291548818,14.1290861032545,0,19.0804701644225,0
903,0,35,0,20,45,0,0,0
904,0,0,0,90,10,0,0,0
905,0,15,0,50,35,0,0,0
906,0,10,0,5,85,0,0,0
907,0,20,0,10,70,0,0,0
908,0,0,95,5,0,0,0,0
909,0,50,5,20,25,0,0,0
910,0,5,0,80,15,0,0,0
911,0,0,85,0,5,0,10,0
912,0,10,0,25,65,0,0,0
913,0,0,80,0,10,0,10,0
914,0,0,45,40,15,0,0,0
915,0,7.30277989733815,50.7888804106473,21.9083396920144,7.30277989733815,0,12.6972201026618,0
916,0,15,0,40,45,0,0,0
917,0,30,0,65,5,0,0,0
918,0,30,35,0,25,0,10,0
919,0,35,5,30,30,0,0,0
920,0,15,0,45,40,0,0,0
921,0,40,0,30,30,0,0,0
922,0,45,5,0,50,0,0,0
923,0,0,40,15,45,0,0,0
924,0,0,0,90,10,0,0,0
925,0,5,30,35,20,0,10,0
926,0,30,0,5,65,0,0,0
927,0,10,0,15,75,0,0,0
928,0,15,5,0,80,0,0,0
929,0,0,0,75,20,0,5,0
930,0,35,10,0,45,0,10,0
931,0,15,8,20,55,0,2,0
932,0,25,0,15,60,0,0,0
933,0,25,0,5,65,0,5,0
934,0,65,8,0,25,0,2,0
935,0,0,35,30,30,0,5,0
936,0,0,80,0,15,0,5,0
937,0,10,0,35,55,0,0,0
938,0,0,0,100,0,0,0,0
939,0,10,10,0,80,0,0,0
940,0,2,0,90,8,0,0,0
941,0,60,0,0,40,0,0,0
942,0,50,0,5,45,0,0,0
943,0,45,0,15,40,0,0,0
944,0,25,0,0,75,0,0,0
945,0,35,0,5,60,0,0,0
946,0,60,0,10,30,0,0,0
947,0,20,0,20,60,0,0,0
948,0,17,0,3,80,0,0,0
949,0,5,0,10,85,0,0,0
950,0,35,0,15,50,0,0,0
951,0,45,0,5,50,0,0,0
952,0,10,0,20,70,0,0,0
953,0,55,0,10,35,0,0,0
954,0,5,0,15,80,0,0,0
955,0,15,0,20,65,0,0,0
956,0,10,0,10,80,0,0,0
957,0,10,0,5,85,0,0,0
958,0,15,0,25,60,0,0,0
959,0,10,0,15,75,0,0,0
960,0,10,0,10,80,0,0,0
961,0,15,10,5,70,0,0,0
962,0,15,0,35,50,0,0,0
963,0,20,0,3,77,0,0,0
964,0,15,0,0,85,0,0,0
965,0,30,0,15,55,0,0,0
966,0,20,0,0,80,0,0,0
967,0,35,5,5,55,0,0,0
968,0,5,35,15,40,0,5,0
969,0,15,0,15,70,0,0,0
970,0,15,2,20,60,0,3,0
971,0,35,5,0,45,0,15,0
972,0,20,5,10,60,0,5,0
973,0,15,0,5,80,0,0,0
974,0,20,0,5,75,0,0,0
975,0,25,0,5,60,0,10,0
976,0,10,60,0,15,0,15,0
977,0,0,0,20,80,0,0,0
978,0,0,75,5,5,0,15,0
979,0,20,0,5,75,0,0,0
980,0,10,0,40,50,0,0,0
981,0,45,0,20,35,0,0,0
982,0,0,15,5,5,0,75,0
983,0,0,75,0,10,0,15,0
984,0,0,60,10,10,0,20,0
985,0,0,70,10,0,0,20,0
986,0,5,75,5,15,0,0,0
987,0,20,15,0,60,0,5,0
988,0,0,60,5,0,0,35,0
989,0,0,25,75,0,0,0,0
990,0,0,100,0,0,0,0,0
992,0,35,0,0,65,0,0,0
993,0,0,95,0,5,0,0,0
994,0,0,80,0,5,0,15,0
995,0,20,10,60,10,0,0,0
996,0,15,0,30,55,0,0,0
997,0,5,10,65,10,0,10,0
998,0,10,0,40,50,0,0,0
999,0,0,80,0,0,0,20,0
1000,0,3,13,40,35,0,9,0
1001,0,10,0,70,20,0,0,0
1002,0,0,80,5,10,0,5,0
1003,0,15,0,55,30,0,0,0
1004,0,10,0,40,50,0,0,0
1005,0,10,0,30,60,0,0,0
1007,0,40,0,15,45,0,0,0
1008,0,5,0,10,85,0,0,0
1009,0,5,0,50,45,0,0,0
1010,0,0,0,95,5,0,0,0
1011,0,0,0,30,70,0,0,0
1012,0,31,2,20,42,0,5,0
1013,0,20,0,40,40,0,0,0
1014,0,5,0,90,2,0,3,0
1015,0,2,3,80,15,0,0,0
1016,0,10,0,25,65,0,0,0
1017,0,70,0,0,30,0,0,0
1018,0,30,0,0,70,0,0,0
1019,5,25,0,0,70,0,0,0
1020,0,50,0,5,45,0,0,0
1021,0,10,0,50,40,0,0,0
1022,30,0,0,0,70,0,0,0
1023,0,10,5,25,60,0,0,0
1024,0,30,0,0,70,0,0,0
1025,0,35,0,45,20,0,0,0
1026,0,10,0,0,90,0,0,0
1027,15,10,0,5,70,0,0,0
1028,0,10,0,25,65,0,0,0
1029,0,0,0,90,10,0,0,0
1030,0,10,0,50,40,0,0,0
1031,0,30,5,45,20,0,0,0
1032,0,20,0,10,70,0,0,0
1033,0,10,0,20,70,0,0,0
1034,0,5,0,25,70,0,0,0
1035,0,15,0,30,55,0,0,0
1036,0,30,0,30,40,0,0,0
1037,0,40,0,0,60,0,0,0
1038,0,20,0,60,20,0,0,0
1039,0,5,0,5,90,0,0,0
1040,0,20,0,55,25,0,0,0
1041,0,5,5,50,40,0,0,0
1042,10,10,0,5,75,0,0,0
1043,0,4.32853497178684,0,35.0719754231973,60.5994896050158,0,0,0
1044,0,5,0,30,65,0,0,0
1045,0,15,0,5,80,0,0,0
1046,10,40,10,5,35,0,0,0
1047,0,35,0,5,60,0,0,0
1048,0,70,0,0,30,0,0,0
1049,0,10,0,20,70,0,0,0
1050,0,5,0,0,95,0,0,0
1051,0,10,0,0,90,0,0,0
1052,0,0,0,30,70,0,0,0
1053,0,0,0,90,10,0,0,0
1054,0,2,3,85,10,0,0,0
1055,0,55,5,5,35,0,0,0
1056,0,50,0,10,40,0,0,0
1057,0,15,0,15,70,0,0,0
1058,0,5,0,70,25,0,0,0
1059,0,5,0,45,50,0,0,0
1061,0,35,0,40,25,0,0,0
1066,0,5,0,10,85,0,0,0
1068,0,15,5,15,65,0,0,0
1070,0,5,0,5,90,0,0,0
1085,0,15,0,5,80,0,0,0
1097,0,20,0,10,70,0,0,0
1098,0,35,0,0,65,0,0,0
1102,0,20,0,35,45,0,0,0
1106,0,15,0,15,70,0,0,0
1107,0,15.4808814040026,0,9.51911859599737,75,0,0,0
1113,0,20,0,5,75,0,0,0
1119,0,0,85,0,5,0,10,0
1120,0,40,10,15,30,0,5,0
1121,0,15,0,5,80,0,0,0
1122,0,20,0,15,65,0,0,0
2201,0,40,20,40,0,0,0,0
2204,0,30,10,40,20,0,0,0
2111,0,40,0,30,30,0,0,0
"=""thn_""&N7",=O7,=P7,=Q7,=R7,=S7,=T7,=U7,=V7
"=""thn_""&N8",=O8,=P8,=Q8,=R8,=S8,=T8,=U8,=V8
"=""thn_""&N9",=O9,=P9,=Q9,=R9,=S9,=T9,=U9,=V9
"=""thn_""&N10",=O10,=P10,=Q10,=R10,=S10,=T10,=U10,=V10
"=""thn_""&N11",=O11,=P11,=Q11,=R11,=S11,=T11,=U11,=V11
"=""thn_""&N12",=O12,=P12,=Q12,=R12,=S12,=T12,=U12,=V12
"=""thn_""&N13",=O13,=P13,=Q13,=R13,=S13,=T13,=U13,=V13
"=""thn_""&N14",=O14,=P14,=Q14,=R14,=S14,=T14,=U14,=V14
"=""thn_""&N15",=O15,=P15,=Q15,=R15,=S15,=T15,=U15,=V15
"=""thn_""&N16",=O16,=P16,=Q16,=R16,=S16,=T16,=U16,=V16
"=""thn_""&N17",=O17,=P17,=Q17,=R17,=S17,=T17,=U17,=V17
"=""thn_""&N18",=O18,=P18,=Q18,=R18,=S18,=T18,=U18,=V18
"=""thn_""&N19",=O19,=P19,=Q19,=R19,=S19,=T19,=U19,=V19
"=""thn_""&N20",=O20,=P20,=Q20,=R20,=S20,=T20,=U20,=V20
"=""thn_""&N21",=O21,=P21,=Q21,=R21,=S21,=T21,=U21,=V21
"=""thn_""&N22",=O22,=P22,=Q22,=R22,=S22,=T22,=U22,=V22
"=""thn_""&N23",=O23,=P23,=Q23,=R23,=S23,=T23,=U23,=V23
"=""thn_""&N24",=O24,=P24,=Q24,=R24,=S24,=T24,=U24,=V24
"=""thn_""&N25",=O25,=P25,=Q25,=R25,=S25,=T25,=U25,=V25
"=""thn_""&N26",=O26,=P26,=Q26,=R26,=S26,=T26,=U26,=V26
"=""thn_""&N27",=O27,=P27,=Q27,=R27,=S27,=T27,=U27,=V27
"=""thn_""&N28",=O28,=P28,=Q28,=R28,=S28,=T28,=U28,=V28
"=""thn_""&N29",=O29,=P29,=Q29,=R29,=S29,=T29,=U29,=V29
"=""thn_""&N30",=O30,=P30,=Q30,=R30,=S30,=T30,=U30,=V30
"=""thn_""&N31",=O31,=P31,=Q31,=R31,=S31,=T31,=U31,=V31
"=""thn_""&N32",=O32,=P32,=Q32,=R32,=S32,=T32,=U32,=V32
"=""thn_""&N33",=O33,=P33,=Q33,=R33,=S33,=T33,=U33,=V33
"=""thn_""&N34",=O34,=P34,=Q34,=R34,=S34,=T34,=U34,=V34
"=""thn_""&N35",=O35,=P35,=Q35,=R35,=S35,=T35,=U35,=V35
"=""thn_""&N36",=O36,=P36,=Q36,=R36,=S36,=T36,=U36,=V36
"=""thn_""&N37",=O37,=P37,=Q37,=R37,=S37,=T37,=U37,=V37
"=""thn_""&N38",=O38,=P38,=Q38,=R38,=S38,=T38,=U38,=V38
"=""thn_""&N39",=O39,=P39,=Q39,=R39,=S39,=T39,=U39,=V39
"=""thn_""&N40",=O40,=P40,=Q40,=R40,=S40,=T40,=U40,=V40
"=""thn_""&N41",=O41,=P41,=Q41,=R41,=S41,=T41,=U41,=V41
"=""thn_""&N42",=O42,=P42,=Q42,=R42,=S42,=T42,=U42,=V42
"=""thn_""&N43",=O43,=P43,=Q43,=R43,=S43,=T43,=U43,=V43
"=""thn_""&N44",=O44,=P44,=Q44,=R44,=S44,=T44,=U44,=V44
"=""thn_""&N45",=O45,=P45,=Q45,=R45,=S45,=T45,=U45,=V45
"=""thn_""&N46",=O46,=P46,=Q46,=R46,=S46,=T46,=U46,=V46
"=""thn_""&N47",=O47,=P47,=Q47,=R47,=S47,=T47,=U47,=V47
"=""thn_""&N48",=O48,=P48,=Q48,=R48,=S48,=T48,=U48,=V48
"=""thn_""&N49",=O49,=P49,=Q49,=R49,=S49,=T49,=U49,=V49
"=""thn_""&N50",=O50,=P50,=Q50,=R50,=S50,=T50,=U50,=V50
"=""thn_""&N51",=O51,=P51,=Q51,=R51,=S51,=T51,=U51,=V51
"=""thn_""&N52",=O52,=P52,=Q52,=R52,=S52,=T52,=U52,=V52
"=""thn_""&N53",=O53,=P53,=Q53,=R53,=S53,=T53,=U53,=V53
"=""thn_""&N54",=O54,=P54,=Q54,=R54,=S54,=T54,=U54,=V54
"=""thn_""&N55",=O55,=P55,=Q55,=R55,=S55,=T55,=U55,=V55
"=""thn_""&N56",=O56,=P56,=Q56,=R56,=S56,=T56,=U56,=V56
"=""thn_""&N57",=O57,=P57,=Q57,=R57,=S57,=T57,=U57,=V57
"=""thn_""&N58",=O58,=P58,=Q58,=R58,=S58,=T58,=U58,=V58
"=""thn_""&N59",=O59,=P59,=Q59,=R59,=S59,=T59,=U59,=V59
"=""thn_""&N60",=O60,=P60,=Q60,=R60,=S60,=T60,=U60,=V60
"=""thn_""&N61",=O61,=P61,=Q61,=R61,=S61,=T61,=U61,=V61
"=""thn_""&N62",=O62,=P62,=Q62,=R62,=S62,=T62,=U62,=V62
"=""thn_""&N63",=O63,=P63,=Q63,=R63,=S63,=T63,=U63,=V63
"=""thn_""&N64",=O64,=P64,=Q64,=R64,=S64,=T64,=U64,=V64
"=""thn_""&N65",=O65,=P65,=Q65,=R65,=S65,=T65,=U65,=V65
"=""thn_""&N66",=O66,=P66,=Q66,=R66,=S66,=T66,=U66,=V66
"=""thn_""&N67",=O67,=P67,=Q67,=R67,=S67,=T67,=U67,=V67
"=""thn_""&N68",=O68,=P68,=Q68,=R68,=S68,=T68,=U68,=V68
"=""thn_""&N69",=O69,=P69,=Q69,=R69,=S69,=T69,=U69,=V69
"=""thn_""&N70",=O70,=P70,=Q70,=R70,=S70,=T70,=U70,=V70
"=""thn_""&N71",=O71,=P71,=Q71,=R71,=S71,=T71,=U71,=V71
"=""thn_""&N72",=O72,=P72,=Q72,=R72,=S72,=T72,=U72,=V72
"=""thn_""&N73",=O73,=P73,=Q73,=R73,=S73,=T73,=U73,=V73
"=""thn_""&N74",=O74,=P74,=Q74,=R74,=S74,=T74,=U74,=V74
"=""thn_""&N75",=O75,=P75,=Q75,=R75,=S75,=T75,=U75,=V75
"=""thn_""&N76",=O76,=P76,=Q76,=R76,=S76,=T76,=U76,=V76
"=""thn_""&N77",=O77,=P77,=Q77,=R77,=S77,=T77,=U77,=V77
"=""thn_""&N78",=O78,=P78,=Q78,=R78,=S78,=T78,=U78,=V78
"=""thn_""&N79",=O79,=P79,=Q79,=R79,=S79,=T79,=U79,=V79
"=""thn_""&N80",=O80,=P80,=Q80,=R80,=S80,=T80,=U80,=V80
"=""thn_""&N81",=O81,=P81,=Q81,=R81,=S81,=T81,=U81,=V81
"=""thn_""&N82",=O82,=P82,=Q82,=R82,=S82,=T82,=U82,=V82
"=""thn_""&N83",=O83,=P83,=Q83,=R83,=S83,=T83,=U83,=V83
"=""thn_""&N84",=O84,=P84,=Q84,=R84,=S84,=T84,=U84,=V84
"=""thn_""&N85",=O85,=P85,=Q85,=R85,=S85,=T85,=U85,=V85
"=""thn_""&N86",=O86,=P86,=Q86,=R86,=S86,=T86,=U86,=V86
"=""thn_""&N87",=O87,=P87,=Q87,=R87,=S87,=T87,=U87,=V87
"=""thn_""&N88",=O88,=P88,=Q88,=R88,=S88,=T88,=U88,=V88
"=""thn_""&N89",=O89,=P89,=Q89,=R89,=S89,=T89,=U89,=V89
"=""thn_""&N90",=O90,=P90,=Q90,=R90,=S90,=T90,=U90,=V90
"=""thn_""&N91",=O91,=P91,=Q91,=R91,=S91,=T91,=U91,=V91
"=""thn_""&N92",=O92,=P92,=Q92,=R92,=S92,=T92,=U92,=V92
"=""thn_""&N93",=O93,=P93,=Q93,=R93,=S93,=T93,=U93,=V93
"=""thn_""&N94",=O94,=P94,=Q94,=R94,=S94,=T94,=U94,=V94
"=""thn_""&N95",=O95,=P95,=Q95,=R95,=S95,=T95,=U95,=V95
"=""thn_""&N96",=O96,=P96,=Q96,=R96,=S96,=T96,=U96,=V96
"=""thn_""&N97",=O97,=P97,=Q97,=R97,=S97,=T97,=U97,=V97
"=""thn_""&N98",=O98,=P98,=Q98,=R98,=S98,=T98,=U98,=V98
"=""thn_""&N99",=O99,=P99,=Q99,=R99,=S99,=T99,=U99,=V99
"=""thn_""&N100",=O100,=P100,=Q100,=R100,=S100,=T100,=U100,=V100
"=""thn_""&N101",=O101,=P101,=Q101,=R101,=S101,=T101,=U101,=V101
"=""thn_""&N102",=O102,=P102,=Q102,=R102,=S102,=T102,=U102,=V102
"=""thn_""&N103",=O103,=P103,=Q103,=R103,=S103,=T103,=U103,=V103
"=""thn_""&N104",=O104,=P104,=Q104,=R104,=S104,=T104,=U104,=V104
"=""thn_""&N105",=O105,=P105,=Q105,=R105,=S105,=T105,=U105,=V105
"=""thn_""&N106",=O106,=P106,=Q106,=R106,=S106,=T106,=U106,=V106
"=""thn_""&N107",=O107,=P107,=Q107,=R107,=S107,=T107,=U107,=V107
"=""thn_""&N108",=O108,=P108,=Q108,=R108,=S108,=T108,=U108,=V108
"=""thn_""&N109",=O109,=P109,=Q109,=R109,=S109,=T109,=U109,=V109
"=""thn_""&N110",=O110,=P110,=Q110,=R110,=S110,=T110,=U110,=V110
"=""thn_""&N111",=O111,=P111,=Q111,=R111,=S111,=T111,=U111,=V111
"=""thn_""&N112",=O112,=P112,=Q112,=R112,=S112,=T112,=U112,=V112
"=""thn_""&N113",=O113,=P113,=Q113,=R113,=S113,=T113,=U113,=V113
"=""thn_""&N114",=O114,=P114,=Q114,=R114,=S114,=T114,=U114,=V114
"=""thn_""&N115",=O115,=P115,=Q115,=R115,=S115,=T115,=U115,=V115
"=""thn_""&N116",=O116,=P116,=Q116,=R116,=S116,=T116,=U116,=V116
"=""thn_""&N117",=O117,=P117,=Q117,=R117,=S117,=T117,=U117,=V117
"=""thn_""&N118",=O118,=P118,=Q118,=R118,=S118,=T118,=U118,=V118
"=""thn_""&N119",=O119,=P119,=Q119,=R119,=S119,=T119,=U119,=V119
"=""thn_""&N120",=O120,=P120,=Q120,=R120,=S120,=T120,=U120,=V120
"=""thn_""&N121",=O121,=P121,=Q121,=R121,=S121,=T121,=U121,=V121
"=""thn_""&N122",=O122,=P122,=Q122,=R122,=S122,=T122,=U122,=V122
"=""thn_""&N123",=O123,=P123,=Q123,=R123,=S123,=T123,=U123,=V123
"=""thn_""&N124",=O124,=P124,=Q124,=R124,=S124,=T124,=U124,=V124
"=""thn_""&N125",=O125,=P125,=Q125,=R125,=S125,=T125,=U125,=V125
"=""thn_""&N126",=O126,=P126,=Q126,=R126,=S126,=T126,=U126,=V126
"=""thn_""&N127",=O127,=P127,=Q127,=R127,=S127,=T127,=U127,=V127
"=""thn_""&N128",=O128,=P128,=Q128,=R128,=S128,=T128,=U128,=V128
"=""thn_""&N129",=O129,=P129,=Q129,=R129,=S129,=T129,=U129,=V129
"=""thn_""&N130",=O130,=P130,=Q130,=R130,=S130,=T130,=U130,=V130
"=""thn_""&N131",=O131,=P131,=Q131,=R131,=S131,=T131,=U131,=V131
"=""thn_""&N132",=O132,=P132,=Q132,=R132,=S132,=T132,=U132,=V132
"=""thn_""&N133",=O133,=P133,=Q133,=R133,=S133,=T133,=U133,=V133
"=""thn_""&N134",=O134,=P134,=Q134,=R134,=S134,=T134,=U134,=V134
"=""thn_""&N135",=O135,=P135,=Q135,=R135,=S135,=T135,=U135,=V135
"=""thn_""&N136",=O136,=P136,=Q136,=R136,=S136,=T136,=U136,=V136
"=""thn_""&N137",=O137,=P137,=Q137,=R137,=S137,=T137,=U137,=V137
"=""thn_""&N138",=O138,=P138,=Q138,=R138,=S138,=T138,=U138,=V138
"=""thn_""&N139",=O139,=P139,=Q139,=R139,=S139,=T139,=U139,=V139
"=""thn_""&N140",=O140,=P140,=Q140,=R140,=S140,=T140,=U140,=V140
"=""thn_""&N141",=O141,=P141,=Q141,=R141,=S141,=T141,=U141,=V141
"=""thn_""&N142",=O142,=P142,=Q142,=R142,=S142,=T142,=U142,=V142
"=""thn_""&N143",=O143,=P143,=Q143,=R143,=S143,=T143,=U143,=V143
"=""thn_""&N144",=O144,=P144,=Q144,=R144,=S144,=T144,=U144,=V144
"=""thn_""&N145",=O145,=P145,=Q145,=R145,=S145,=T145,=U145,=V145
"=""thn_""&N146",=O146,=P146,=Q146,=R146,=S146,=T146,=U146,=V146
"=""thn_""&N147",=O147,=P147,=Q147,=R147,=S147,=T147,=U147,=V147
"=""thn_""&N148",=O148,=P148,=Q148,=R148,=S148,=T148,=U148,=V148
"=""thn_""&N149",=O149,=P149,=Q149,=R149,=S149,=T149,=U149,=V149
"=""thn_""&N150",=O150,=P150,=Q150,=R150,=S150,=T150,=U150,=V150
"=""thn_""&N151",=O151,=P151,=Q151,=R151,=S151,=T151,=U151,=V151
"=""thn_""&N152",=O152,=P152,=Q152,=R152,=S152,=T152,=U152,=V152
"=""thn_""&N153",=O153,=P153,=Q153,=R153,=S153,=T153,=U153,=V153
"=""thn_""&N154",=O154,=P154,=Q154,=R154,=S154,=T154,=U154,=V154
"=""thn_""&N155",=O155,=P155,=Q155,=R155,=S155,=T155,=U155,=V155
"=""thn_""&N156",=O156,=P156,=Q156,=R156,=S156,=T156,=U156,=V156
"=""thn_""&N157",=O157,=P157,=Q157,=R157,=S157,=T157,=U157,=V157
"=""thn_""&N158",=O158,=P158,=Q158,=R158,=S158,=T158,=U158,=V158
"=""thn_""&N159",=O159,=P159,=Q159,=R159,=S159,=T159,=U159,=V159
"=""thn_""&N160",=O160,=P160,=Q160,=R160,=S160,=T160,=U160,=V160
"=""thn_""&N161",=O161,=P161,=Q161,=R161,=S161,=T161,=U161,=V161
"=""thn_""&N162",=O162,=P162,=Q162,=R162,=S162,=T162,=U162,=V162
"=""thn_""&N163",=O163,=P163,=Q163,=R163,=S163,=T163,=U163,=V163
"=""thn_""&N164",=O164,=P164,=Q164,=R164,=S164,=T164,=U164,=V164
"=""thn_""&N165",=O165,=P165,=Q165,=R165,=S165,=T165,=U165,=V165
"=""thn_""&N166",=O166,=P166,=Q166,=R166,=S166,=T166,=U166,=V166
"=""thn_""&N167",=O167,=P167,=Q167,=R167,=S167,=T167,=U167,=V167
"=""thn_""&N168",=O168,=P168,=Q168,=R168,=S168,=T168,=U168,=V168
"=""thn_""&N169",=O169,=P169,=Q169,=R169,=S169,=T169,=U169,=V169
"=""thn_""&N170",=O170,=P170,=Q170,=R170,=S170,=T170,=U170,=V170
"=""thn_""&N171",=O171,=P171,=Q171,=R171,=S171,=T171,=U171,=V171
"=""thn_""&N172",=O172,=P172,=Q172,=R172,=S172,=T172,=U172,=V172
"=""thn_""&N173",=O173,=P173,=Q173,=R173,=S173,=T173,=U173,=V173
"=""thn_""&N174",=O174,=P174,=Q174,=R174,=S174,=T174,=U174,=V174
"=""thn_""&N175",=O175,=P175,=Q175,=R175,=S175,=T175,=U175,=V175
"=""thn_""&N176",=O176,=P176,=Q176,=R176,=S176,=T176,=U176,=V176
"=""thn_""&N177",=O177,=P177,=Q177,=R177,=S177,=T177,=U177,=V177
"=""thn_""&N178",=O178,=P178,=Q178,=R178,=S178,=T178,=U178,=V178
"=""thn_""&N179",=O179,=P179,=Q179,=R179,=S179,=T179,=U179,=V179
"=""thn_""&N180",=O180,=P180,=Q180,=R180,=S180,=T180,=U180,=V180
"=""thn_""&N181",=O181,=P181,=Q181,=R181,=S181,=T181,=U181,=V181
"=""thn_""&N182",=O182,=P182,=Q182,=R182,=S182,=T182,=U182,=V182
"=""thn_""&N183",=O183,=P183,=Q183,=R183,=S183,=T183,=U183,=V183
"=""thn_""&N184",=O184,=P184,=Q184,=R184,=S184,=T184,=U184,=V184
"=""thn_""&N185",=O185,=P185,=Q185,=R185,=S185,=T185,=U185,=V185
"=""thn_""&N186",=O186,=P186,=Q186,=R186,=S186,=T186,=U186,=V186
"=""thn_""&N187",=O187,=P187,=Q187,=R187,=S187,=T187,=U187,=V187
"=""thn_""&N188",=O188,=P188,=Q188,=R188,=S188,=T188,=U188,=V188
"=""thn_""&N189",=O189,=P189,=Q189,=R189,=S189,=T189,=U189,=V189
"=""thn_""&N190",=O190,=P190,=Q190,=R190,=S190,=T190,=U190,=V190
"=""thn_""&N191",=O191,=P191,=Q191,=R191,=S191,=T191,=U191,=V191
"=""thn_""&N192",=O192,=P192,=Q192,=R192,=S192,=T192,=U192,=V192
"=""thn_""&N193",=O193,=P193,=Q193,=R193,=S193,=T193,=U193,=V193
"=""thn_""&N194",=O194,=P194,=Q194,=R194,=S194,=T194,=U194,=V194
"=""thn_""&N195",=O195,=P195,=Q195,=R195,=S195,=T195,=U195,=V195
"=""thn_""&N196",=O196,=P196,=Q196,=R196,=S196,=T196,=U196,=V196
"=""thn_""&N197",=O197,=P197,=Q197,=R197,=S197,=T197,=U197,=V197
"=""thn_""&N198",=O198,=P198,=Q198,=R198,=S198,=T198,=U198,=V198
"=""thn_""&N199",=O199,=P199,=Q199,=R199,=S199,=T199,=U199,=V199
"=""thn_""&N200",=O200,=P200,=Q200,=R200,=S200,=T200,=U200,=V200
"=""thn_""&N201",=O201,=P201,=Q201,=R201,=S201,=T201,=U201,=V201
"=""thn_""&N202",=O202,=P202,=Q202,=R202,=S202,=T202,=U202,=V202
"=""thn_""&N203",=O203,=P203,=Q203,=R203,=S203,=T203,=U203,=V203
"=""thn_""&N204",=O204,=P204,=Q204,=R204,=S204,=T204,=U204,=V204
"=""thn_""&N205",=O205,=P205,=Q205,=R205,=S205,=T205,=U205,=V205
"=""thn_""&N206",=O206,=P206,=Q206,=R206,=S206,=T206,=U206,=V206
"=""thn_""&N207",=O207,=P207,=Q207,=R207,=S207,=T207,=U207,=V207
"=""thn_""&N208",=O208,=P208,=Q208,=R208,=S208,=T208,=U208,=V208
"=""thn_""&N209",=O209,=P209,=Q209,=R209,=S209,=T209,=U209,=V209
"=""thn_""&N210",=O210,=P210,=Q210,=R210,=S210,=T210,=U210,=V210
"=""thn_""&N211",=O211,=P211,=Q211,=R211,=S211,=T211,=U211,=V211
"=""thn_""&N212",=O212,=P212,=Q212,=R212,=S212,=T212,=U212,=V212
"=""thn_""&N213",=O213,=P213,=Q213,=R213,=S213,=T213,=U213,=V213
"=""thn_""&N214",=O214,=P214,=Q214,=R214,=S214,=T214,=U214,=V214
"=""thn_""&N215",=O215,=P215,=Q215,=R215,=S215,=T215,=U215,=V215
"=""thn_""&N216",=O216,=P216,=Q216,=R216,=S216,=T216,=U216,=V216
"=""thn_""&N217",=O217,=P217,=Q217,=R217,=S217,=T217,=U217,=V217
"=""thn_""&N218",=O218,=P218,=Q218,=R218,=S218,=T218,=U218,=V218
"=""thn_""&N219",=O219,=P219,=Q219,=R219,=S219,=T219,=U219,=V219
"=""thn_""&N220",=O220,=P220,=Q220,=R220,=S220,=T220,=U220,=V220
"=""thn_""&N221",=O221,=P221,=Q221,=R221,=S221,=T221,=U221,=V221
"=""thn_""&N222",=O222,=P222,=Q222,=R222,=S222,=T222,=U222,=V222
"=""thn_""&N223",=O223,=P223,=Q223,=R223,=S223,=T223,=U223,=V223
"=""thn_""&N224",=O224,=P224,=Q224,=R224,=S224,=T224,=U224,=V224
"=""thn_""&N225",=O225,=P225,=Q225,=R225,=S225,=T225,=U225,=V225
"=""thn_""&N226",=O226,=P226,=Q226,=R226,=S226,=T226,=U226,=V226
"=""thn_""&N227",=O227,=P227,=Q227,=R227,=S227,=T227,=U227,=V227
"=""thn_""&N228",=O228,=P228,=Q228,=R228,=S228,=T228,=U228,=V228
"=""thn_""&N229",=O229,=P229,=Q229,=R229,=S229,=T229,=U229,=V229
"=""thn_""&N230",=O230,=P230,=Q230,=R230,=S230,=T230,=U230,=V230
"=""thn_""&N231",=O231,=P231,=Q231,=R231,=S231,=T231,=U231,=V231
"=""thn_""&N232",=O232,=P232,=Q232,=R232,=S232,=T232,=U232,=V232
"=""thn_""&N233",=O233,=P233,=Q233,=R233,=S233,=T233,=U233,=V233
"=""thn_""&N234",=O234,=P234,=Q234,=R234,=S234,=T234,=U234,=V234
"=""thn_""&N235",=O235,=P235,=Q235,=R235,=S235,=T235,=U235,=V235
"=""thn_""&N236",=O236,=P236,=Q236,=R236,=S236,=T236,=U236,=V236
"=""thn_""&N237",=O237,=P237,=Q237,=R237,=S237,=T237,=U237,=V237
"=""thn_""&N238",=O238,=P238,=Q238,=R238,=S238,=T238,=U238,=V238
"=""thn_""&N239",=O239,=P239,=Q239,=R239,=S239,=T239,=U239,=V239
"=""thn_""&N240",=O240,=P240,=Q240,=R240,=S240,=T240,=U240,=V240
"=""thn_""&N241",=O241,=P241,=Q241,=R241,=S241,=T241,=U241,=V241
"=""thn_""&N242",=O242,=P242,=Q242,=R242,=S242,=T242,=U242,=V242
"=""thn_""&N243",=O243,=P243,=Q243,=R243,=S243,=T243,=U243,=V243
"=""thn_""&N244",=O244,=P244,=Q244,=R244,=S244,=T244,=U244,=V244
"=""thn_""&N245",=O245,=P245,=Q245,=R245,=S245,=T245,=U245,=V245
"=""thn_""&N246",=O246,=P246,=Q246,=R246,=S246,=T246,=U246,=V246
"=""thn_""&N247",=O247,=P247,=Q247,=R247,=S247,=T247,=U247,=V247
"=""thn_""&N248",=O248,=P248,=Q248,=R248,=S248,=T248,=U248,=V248
"=""thn_""&N249",=O249,=P249,=Q249,=R249,=S249,=T249,=U249,=V249
"=""thn_""&N250",=O250,=P250,=Q250,=R250,=S250,=T250,=U250,=V250
"=""thn_""&N251",=O251,=P251,=Q251,=R251,=S251,=T251,=U251,=V251
"=""thn_""&N252",=O252,=P252,=Q252,=R252,=S252,=T252,=U252,=V252
"=""thn_""&N253",=O253,=P253,=Q253,=R253,=S253,=T253,=U253,=V253
"=""thn_""&N254",=O254,=P254,=Q254,=R254,=S254,=T254,=U254,=V254
"=""thn_""&N255",=O255,=P255,=Q255,=R255,=S255,=T255,=U255,=V255
"=""thn_""&N256",=O256,=P256,=Q256,=R256,=S256,=T256,=U256,=V256
"=""thn_""&N257",=O257,=P257,=Q257,=R257,=S257,=T257,=U257,=V257
"=""thn_""&N258",=O258,=P258,=Q258,=R258,=S258,=T258,=U258,=V258
"=""thn_""&N259",=O259,=P259,=Q259,=R259,=S259,=T259,=U259,=V259
"=""thn_""&N260",=O260,=P260,=Q260,=R260,=S260,=T260,=U260,=V260
"=""thn_""&N261",=O261,=P261,=Q261,=R261,=S261,=T261,=U261,=V261
"=""thn_""&N262",=O262,=P262,=Q262,=R262,=S262,=T262,=U262,=V262
"=""thn_""&N263",=O263,=P263,=Q263,=R263,=S263,=T263,=U263,=V263
"=""thn_""&N264",=O264,=P264,=Q264,=R264,=S264,=T264,=U264,=V264
"=""thn_""&N265",=O265,=P265,=Q265,=R265,=S265,=T265,=U265,=V265
"=""thn_""&N266",=O266,=P266,=Q266,=R266,=S266,=T266,=U266,=V266
"=""thn_""&N267",=O267,=P267,=Q267,=R267,=S267,=T267,=U267,=V267
"=""thn_""&N268",=O268,=P268,=Q268,=R268,=S268,=T268,=U268,=V268
"=""thn_""&N269",=O269,=P269,=Q269,=R269,=S269,=T269,=U269,=V269
"=""thn_""&N270",=O270,=P270,=Q270,=R270,=S270,=T270,=U270,=V270
"=""thn_""&N271",=O271,=P271,=Q271,=R271,=S271,=T271,=U271,=V271
"=""thn_""&N272",=O272,=P272,=Q272,=R272,=S272,=T272,=U272,=V272
"=""thn_""&N273",=O273,=P273,=Q273,=R273,=S273,=T273,=U273,=V273
"=""thn_""&N274",=O274,=P274,=Q274,=R274,=S274,=T274,=U274,=V274
"=""thn_""&N275",=O275,=P275,=Q275,=R275,=S275,=T275,=U275,=V275
"=""thn_""&N276",=O276,=P276,=Q276,=R276,=S276,=T276,=U276,=V276
"=""thn_""&N277",=O277,=P277,=Q277,=R277,=S277,=T277,=U277,=V277
"=""thn_""&N278",=O278,=P278,=Q278,=R278,=S278,=T278,=U278,=V278
"=""thn_""&N279",=O279,=P279,=Q279,=R279,=S279,=T279,=U279,=V279
"=""thn_""&N280",=O280,=P280,=Q280,=R280,=S280,=T280,=U280,=V280
"=""thn_""&N281",=O281,=P281,=Q281,=R281,=S281,=T281,=U281,=V281
"=""thn_""&N282",=O282,=P282,=Q282,=R282,=S282,=T282,=U282,=V282
"=""thn_""&N283",=O283,=P283,=Q283,=R283,=S283,=T283,=U283,=V283
"=""thn_""&N284",=O284,=P284,=Q284,=R284,=S284,=T284,=U284,=V284
"=""thn_""&N285",=O285,=P285,=Q285,=R285,=S285,=T285,=U285,=V285
"=""thn_""&N286",=O286,=P286,=Q286,=R286,=S286,=T286,=U286,=V286
"=""thn_""&N287",=O287,=P287,=Q287,=R287,=S287,=T287,=U287,=V287
"=""thn_""&N288",=O288,=P288,=Q288,=R288,=S288,=T288,=U288,=V288
"=""thn_""&N289",=O289,=P289,=Q289,=R289,=S289,=T289,=U289,=V289
"=""thn_""&N290",=O290,=P290,=Q290,=R290,=S290,=T290,=U290,=V290
"=""thn_""&N291",=O291,=P291,=Q291,=R291,=S291,=T291,=U291,=V291
"=""thn_""&N292",=O292,=P292,=Q292,=R292,=S292,=T292,=U292,=V292
"=""thn_""&N293",=O293,=P293,=Q293,=R293,=S293,=T293,=U293,=V293
"=""thn_""&N294",=O294,=P294,=Q294,=R294,=S294,=T294,=U294,=V294
"=""thn_""&N295",=O295,=P295,=Q295,=R295,=S295,=T295,=U295,=V295
"=""thn_""&N296",=O296,=P296,=Q296,=R296,=S296,=T296,=U296,=V296
"=""thn_""&N297",=O297,=P297,=Q297,=R297,=S297,=T297,=U297,=V297
"=""thn_""&N298",=O298,=P298,=Q298,=R298,=S298,=T298,=U298,=V298
"=""thn_""&N299",=O299,=P299,=Q299,=R299,=S299,=T299,=U299,=V299
"=""thn_""&N300",=O300,=P300,=Q300,=R300,=S300,=T300,=U300,=V300
"=""thn_""&N301",=O301,=P301,=Q301,=R301,=S301,=T301,=U301,=V301
"=""thn_""&N302",=O302,=P302,=Q302,=R302,=S302,=T302,=U302,=V302
"=""thn_""&N303",=O303,=P303,=Q303,=R303,=S303,=T303,=U303,=V303
"=""thn_""&N304",=O304,=P304,=Q304,=R304,=S304,=T304,=U304,=V304
"=""thn_""&N305",=O305,=P305,=Q305,=R305,=S305,=T305,=U305,=V305
"=""thn_""&N306",=O306,=P306,=Q306,=R306,=S306,=T306,=U306,=V306
"=""thn_""&N307",=O307,=P307,=Q307,=R307,=S307,=T307,=U307,=V307
"=""thn_""&N308",=O308,=P308,=Q308,=R308,=S308,=T308,=U308,=V308
"=""thn_""&N309",=O309,=P309,=Q309,=R309,=S309,=T309,=U309,=V309
"=""thn_""&N310",=O310,=P310,=Q310,=R310,=S310,=T310,=U310,=V310
"=""thn_""&N311",=O311,=P311,=Q311,=R311,=S311,=T311,=U311,=V311
"=""thn_""&N312",=O312,=P312,=Q312,=R312,=S312,=T312,=U312,=V312
"=""thn_""&N313",=O313,=P313,=Q313,=R313,=S313,=T313,=U313,=V313
"=""thn_""&N314",=O314,=P314,=Q314,=R314,=S314,=T314,=U314,=V314
"=""thn_""&N315",=O315,=P315,=Q315,=R315,=S315,=T315,=U315,=V315
"=""thn_""&N316",=O316,=P316,=Q316,=R316,=S316,=T316,=U316,=V316
"=""thn_""&N317",=O317,=P317,=Q317,=R317,=S317,=T317,=U317,=V317
"=""thn_""&N318",=O318,=P318,=Q318,=R318,=S318,=T318,=U318,=V318
"=""thn_""&N319",=O319,=P319,=Q319,=R319,=S319,=T319,=U319,=V319
"=""thn_""&N320",=O320,=P320,=Q320,=R320,=S320,=T320,=U320,=V320
"=""thn_""&N321",=O321,=P321,=Q321,=R321,=S321,=T321,=U321,=V321
"=""thn_""&N322",=O322,=P322,=Q322,=R322,=S322,=T322,=U322,=V322
"=""thn_""&N323",=O323,=P323,=Q323,=R323,=S323,=T323,=U323,=V323
"=""thn_""&N324",=O324,=P324,=Q324,=R324,=S324,=T324,=U324,=V324
"=""thn_""&N325",=O325,=P325,=Q325,=R325,=S325,=T325,=U325,=V325
"=""thn_""&N326",=O326,=P326,=Q326,=R326,=S326,=T326,=U326,=V326
"=""thn_""&N327",=O327,=P327,=Q327,=R327,=S327,=T327,=U327,=V327
"=""thn_""&N328",=O328,=P328,=Q328,=R328,=S328,=T328,=U328,=V328
"=""thn_""&N329",=O329,=P329,=Q329,=R329,=S329,=T329,=U329,=V329
"=""thn_""&N330",=O330,=P330,=Q330,=R330,=S330,=T330,=U330,=V330
"=""thn_""&N331",=O331,=P331,=Q331,=R331,=S331,=T331,=U331,=V331
"=""thn_""&N332",=O332,=P332,=Q332,=R332,=S332,=T332,=U332,=V332
"=""thn_""&N333",=O333,=P333,=Q333,=R333,=S333,=T333,=U333,=V333
"=""thn_""&N334",=O334,=P334,=Q334,=R334,=S334,=T334,=U334,=V334
"=""thn_""&N335",=O335,=P335,=Q335,=R335,=S335,=T335,=U335,=V335
"=""thn_""&N336",=O336,=P336,=Q336,=R336,=S336,=T336,=U336,=V336
"=""thn_""&N337",=O337,=P337,=Q337,=R337,=S337,=T337,=U337,=V337
"=""thn_""&N338",=O338,=P338,=Q338,=R338,=S338,=T338,=U338,=V338
"=""thn_""&N339",=O339,=P339,=Q339,=R339,=S339,=T339,=U339,=V339
"=""thn_""&N340",=O340,=P340,=Q340,=R340,=S340,=T340,=U340,=V340
"=""thn_""&N341",=O341,=P341,=Q341,=R341,=S341,=T341,=U341,=V341
"=""thn_""&N342",=O342,=P342,=Q342,=R342,=S342,=T342,=U342,=V342
"=""thn_""&N343",=O343,=P343,=Q343,=R343,=S343,=T343,=U343,=V343
"=""thn_""&N344",=O344,=P344,=Q344,=R344,=S344,=T344,=U344,=V344
"=""thn_""&N345",=O345,=P345,=Q345,=R345,=S345,=T345,=U345,=V345
"=""thn_""&N346",=O346,=P346,=Q346,=R346,=S346,=T346,=U346,=V346
"=""thn_""&N347",=O347,=P347,=Q347,=R347,=S347,=T347,=U347,=V347
"=""thn_""&N348",=O348,=P348,=Q348,=R348,=S348,=T348,=U348,=V348
"=""thn_""&N349",=O349,=P349,=Q349,=R349,=S349,=T349,=U349,=V349
"=""thn_""&N350",=O350,=P350,=Q350,=R350,=S350,=T350,=U350,=V350
"=""thn_""&N351",=O351,=P351,=Q351,=R351,=S351,=T351,=U351,=V351
"=""thn_""&N352",=O352,=P352,=Q352,=R352,=S352,=T352,=U352,=V352
"=""thn_""&N353",=O353,=P353,=Q353,=R353,=S353,=T353,=U353,=V353
"=""thn_""&N354",=O354,=P354,=Q354,=R354,=S354,=T354,=U354,=V354
"=""thn_""&N355",=O355,=P355,=Q355,=R355,=S355,=T355,=U355,=V355
"=""thn_""&N356",=O356,=P356,=Q356,=R356,=S356,=T356,=U356,=V356
"=""thn_""&N357",=O357,=P357,=Q357,=R357,=S357,=T357,=U357,=V357
"=""thn_""&N358",=O358,=P358,=Q358,=R358,=S358,=T358,=U358,=V358
"=""thn_""&N359",=O359,=P359,=Q359,=R359,=S359,=T359,=U359,=V359
"=""thn_""&N360",=O360,=P360,=Q360,=R360,=S360,=T360,=U360,=V360
"=""thn_""&N361",=O361,=P361,=Q361,=R361,=S361,=T361,=U361,=V361
"=""thn_""&N362",=O362,=P362,=Q362,=R362,=S362,=T362,=U362,=V362
"=""thn_""&N363",=O363,=P363,=Q363,=R363,=S363,=T363,=U363,=V363
"=""thn_""&N364",=O364,=P364,=Q364,=R364,=S364,=T364,=U364,=V364
"=""thn_""&N365",=O365,=P365,=Q365,=R365,=S365,=T365,=U365,=V365
"=""thn_""&N366",=O366,=P366,=Q366,=R366,=S366,=T366,=U366,=V366
"=""thn_""&N367",=O367,=P367,=Q367,=R367,=S367,=T367,=U367,=V367
"=""thn_""&N368",=O368,=P368,=Q368,=R368,=S368,=T368,=U368,=V368
"=""thn_""&N369",=O369,=P369,=Q369,=R369,=S369,=T369,=U369,=V369
"=""thn_""&N370",=O370,=P370,=Q370,=R370,=S370,=T370,=U370,=V370
"=""thn_""&N371",=O371,=P371,=Q371,=R371,=S371,=T371,=U371,=V371
"=""thn_""&N372",=O372,=P372,=Q372,=R372,=S372,=T372,=U372,=V372
"=""thn_""&N373",=O373,=P373,=Q373,=R373,=S373,=T373,=U373,=V373
"=""thn_""&N374",=O374,=P374,=Q374,=R374,=S374,=T374,=U374,=V374
"=""thn_""&N375",=O375,=P375,=Q375,=R375,=S375,=T375,=U375,=V375
"=""thn_""&N376",=O376,=P376,=Q376,=R376,=S376,=T376,=U376,=V376
"=""thn_""&N377",=O377,=P377,=Q377,=R377,=S377,=T377,=U377,=V377
"=""thn_""&N378",=O378,=P378,=Q378,=R378,=S378,=T378,=U378,=V378
"=""thn_""&N379",=O379,=P379,=Q379,=R379,=S379,=T379,=U379,=V379
"=""thn_""&N380",=O380,=P380,=Q380,=R380,=S380,=T380,=U380,=V380
"=""thn_""&N381",=O381,=P381,=Q381,=R381,=S381,=T381,=U381,=V381
"=""thn_""&N382",=O382,=P382,=Q382,=R382,=S382,=T382,=U382,=V382
"=""thn_""&N383",=O383,=P383,=Q383,=R383,=S383,=T383,=U383,=V383
"=""thn_""&N384",=O384,=P384,=Q384,=R384,=S384,=T384,=U384,=V384
"=""thn_""&N385",=O385,=P385,=Q385,=R385,=S385,=T385,=U385,=V385
"=""thn_""&N386",=O386,=P386,=Q386,=R386,=S386,=T386,=U386,=V386
"=""thn_""&N387",=O387,=P387,=Q387,=R387,=S387,=T387,=U387,=V387
"=""thn_""&N388",=O388,=P388,=Q388,=R388,=S388,=T388,=U388,=V388
"=""thn_""&N389",=O389,=P389,=Q389,=R389,=S389,=T389,=U389,=V389
"=""thn_""&N390",=O390,=P390,=Q390,=R390,=S390,=T390,=U390,=V390
"=""thn_""&N391",=O391,=P391,=Q391,=R391,=S391,=T391,=U391,=V391
"=""thn_""&N392",=O392,=P392,=Q392,=R392,=S392,=T392,=U392,=V392
"=""thn_""&N393",=O393,=P393,=Q393,=R393,=S393,=T393,=U393,=V393
"=""thn_""&N394",=O394,=P394,=Q394,=R394,=S394,=T394,=U394,=V394
"=""thn_""&N395",=O395,=P395,=Q395,=R395,=S395,=T395,=U395,=V395
"=""thn_""&N396",=O396,=P396,=Q396,=R396,=S396,=T396,=U396,=V396
"=""thn_""&N397",=O397,=P397,=Q397,=R397,=S397,=T397,=U397,=V397
"=""thn_""&N398",=O398,=P398,=Q398,=R398,=S398,=T398,=U398,=V398
"=""thn_""&N399",=O399,=P399,=Q399,=R399,=S399,=T399,=U399,=V399
"=""thn_""&N400",=O400,=P400,=Q400,=R400,=S400,=T400,=U400,=V400
"=""thn_""&N401",=O401,=P401,=Q401,=R401,=S401,=T401,=U401,=V401
"=""thn_""&N402",=O402,=P402,=Q402,=R402,=S402,=T402,=U402,=V402
"=""thn_""&N403",=O403,=P403,=Q403,=R403,=S403,=T403,=U403,=V403
"=""thn_""&N404",=O404,=P404,=Q404,=R404,=S404,=T404,=U404,=V404
"=""thn_""&N405",=O405,=P405,=Q405,=R405,=S405,=T405,=U405,=V405
"=""thn_""&N406",=O406,=P406,=Q406,=R406,=S406,=T406,=U406,=V406
"=""thn_""&N407",=O407,=P407,=Q407,=R407,=S407,=T407,=U407,=V407
"=""thn_""&N408",=O408,=P408,=Q408,=R408,=S408,=T408,=U408,=V408
"=""thn_""&N409",=O409,=P409,=Q409,=R409,=S409,=T409,=U409,=V409
"=""thn_""&N410",=O410,=P410,=Q410,=R410,=S410,=T410,=U410,=V410
"=""thn_""&N411",=O411,=P411,=Q411,=R411,=S411,=T411,=U411,=V411
"=""thn_""&N412",=O412,=P412,=Q412,=R412,=S412,=T412,=U412,=V412
"=""thn_""&N413",=O413,=P413,=Q413,=R413,=S413,=T413,=U413,=V413
"=""thn_""&N414",=O414,=P414,=Q414,=R414,=S414,=T414,=U414,=V414
"=""thn_""&N415",=O415,=P415,=Q415,=R415,=S415,=T415,=U415,=V415
"=""thn_""&N416",=O416,=P416,=Q416,=R416,=S416,=T416,=U416,=V416
"=""thn_""&N417",=O417,=P417,=Q417,=R417,=S417,=T417,=U417,=V417
"=""thn_""&N418",=O418,=P418,=Q418,=R418,=S418,=T418,=U418,=V418
"=""thn_""&N419",=O419,=P419,=Q419,=R419,=S419,=T419,=U419,=V419
"=""thn_""&N420",=O420,=P420,=Q420,=R420,=S420,=T420,=U420,=V420
"=""thn_""&N421",=O421,=P421,=Q421,=R421,=S421,=T421,=U421,=V421
"=""thn_""&N422",=O422,=P422,=Q422,=R422,=S422,=T422,=U422,=V422
"=""thn_""&N423",=O423,=P423,=Q423,=R423,=S423,=T423,=U423,=V423
"=""thn_""&N424",=O424,=P424,=Q424,=R424,=S424,=T424,=U424,=V424
"=""thn_""&N425",=O425,=P425,=Q425,=R425,=S425,=T425,=U425,=V425
"=""thn_""&N426",=O426,=P426,=Q426,=R426,=S426,=T426,=U426,=V426
"=""thn_""&N427",=O427,=P427,=Q427,=R427,=S427,=T427,=U427,=V427
"=""thn_""&N428",=O428,=P428,=Q428,=R428,=S428,=T428,=U428,=V428
"=""thn_""&N429",=O429,=P429,=Q429,=R429,=S429,=T429,=U429,=V429
"=""thn_""&N430",=O430,=P430,=Q430,=R430,=S430,=T430,=U430,=V430
"=""thn_""&N431",=O431,=P431,=Q431,=R431,=S431,=T431,=U431,=V431
"=""thn_""&N432",=O432,=P432,=Q432,=R432,=S432,=T432,=U432,=V432
"=""thn_""&N433",=O433,=P433,=Q433,=R433,=S433,=T433,=U433,=V433
"=""thn_""&N434",=O434,=P434,=Q434,=R434,=S434,=T434,=U434,=V434
"=""thn_""&N435",=O435,=P435,=Q435,=R435,=S435,=T435,=U435,=V435
"=""thn_""&N436",=O436,=P436,=Q436,=R436,=S436,=T436,=U436,=V436
"=""thn_""&N437",=O437,=P437,=Q437,=R437,=S437,=T437,=U437,=V437
"=""thn_""&N438",=O438,=P438,=Q438,=R438,=S438,=T438,=U438,=V438
"=""thn_""&N439",=O439,=P439,=Q439,=R439,=S439,=T439,=U439,=V439
"=""thn_""&N440",=O440,=P440,=Q440,=R440,=S440,=T440,=U440,=V440
"=""thn_""&N441",=O441,=P441,=Q441,=R441,=S441,=T441,=U441,=V441
"=""thn_""&N442",=O442,=P442,=Q442,=R442,=S442,=T442,=U442,=V442
"=""thn_""&N443",=O443,=P443,=Q443,=R443,=S443,=T443,=U443,=V443
"=""thn_""&N444",=O444,=P444,=Q444,=R444,=S444,=T444,=U444,=V444
"=""thn_""&N445",=O445,=P445,=Q445,=R445,=S445,=T445,=U445,=V445
"=""thn_""&N446",=O446,=P446,=Q446,=R446,=S446,=T446,=U446,=V446
"=""thn_""&N447",=O447,=P447,=Q447,=R447,=S447,=T447,=U447,=V447
"=""thn_""&N448",=O448,=P448,=Q448,=R448,=S448,=T448,=U448,=V448
"=""thn_""&N449",=O449,=P449,=Q449,=R449,=S449,=T449,=U449,=V449
"=""thn_""&N450",=O450,=P450,=Q450,=R450,=S450,=T450,=U450,=V450
"=""thn_""&N451",=O451,=P451,=Q451,=R451,=S451,=T451,=U451,=V451
"=""thn_""&N452",=O452,=P452,=Q452,=R452,=S452,=T452,=U452,=V452
"=""thn_""&N453",=O453,=P453,=Q453,=R453,=S453,=T453,=U453,=V453
"=""thn_""&N454",=O454,=P454,=Q454,=R454,=S454,=T454,=U454,=V454
"=""thn_""&N455",=O455,=P455,=Q455,=R455,=S455,=T455,=U455,=V455
"=""thn_""&N456",=O456,=P456,=Q456,=R456,=S456,=T456,=U456,=V456
"=""thn_""&N457",=O457,=P457,=Q457,=R457,=S457,=T457,=U457,=V457
"=""thn_""&N458",=O458,=P458,=Q458,=R458,=S458,=T458,=U458,=V458
"=""thn_""&N459",=O459,=P459,=Q459,=R459,=S459,=T459,=U459,=V459
"=""thn_""&N460",=O460,=P460,=Q460,=R460,=S460,=T460,=U460,=V460
"=""thn_""&N461",=O461,=P461,=Q461,=R461,=S461,=T461,=U461,=V461
"=""thn_""&N462",=O462,=P462,=Q462,=R462,=S462,=T462,=U462,=V462
"=""thn_""&N463",=O463,=P463,=Q463,=R463,=S463,=T463,=U463,=V463
"=""thn_""&N464",=O464,=P464,=Q464,=R464,=S464,=T464,=U464,=V464
"=""thn_""&N465",=O465,=P465,=Q465,=R465,=S465,=T465,=U465,=V465
"=""thn_""&N466",=O466,=P466,=Q466,=R466,=S466,=T466,=U466,=V466
"=""thn_""&N467",=O467,=P467,=Q467,=R467,=S467,=T467,=U467,=V467
"=""thn_""&N468",=O468,=P468,=Q468,=R468,=S468,=T468,=U468,=V468
"=""thn_""&N469",=O469,=P469,=Q469,=R469,=S469,=T469,=U469,=V469
"=""thn_""&N470",=O470,=P470,=Q470,=R470,=S470,=T470,=U470,=V470
"=""thn_""&N471",=O471,=P471,=Q471,=R471,=S471,=T471,=U471,=V471
"=""thn_""&N472",=O472,=P472,=Q472,=R472,=S472,=T472,=U472,=V472
"=""thn_""&N473",=O473,=P473,=Q473,=R473,=S473,=T473,=U473,=V473
"=""thn_""&N474",=O474,=P474,=Q474,=R474,=S474,=T474,=U474,=V474
"=""thn_""&N475",=O475,=P475,=Q475,=R475,=S475,=T475,=U475,=V475
"=""thn_""&N476",=O476,=P476,=Q476,=R476,=S476,=T476,=U476,=V476
"=""thn_""&N477",=O477,=P477,=Q477,=R477,=S477,=T477,=U477,=V477
"=""thn_""&N478",=O478,=P478,=Q478,=R478,=S478,=T478,=U478,=V478
"=""thn_""&N479",=O479,=P479,=Q479,=R479,=S479,=T479,=U479,=V479
"=""thn_""&N480",=O480,=P480,=Q480,=R480,=S480,=T480,=U480,=V480
"=""thn_""&N481",=O481,=P481,=Q481,=R481,=S481,=T481,=U481,=V481
"=""thn_""&N482",=O482,=P482,=Q482,=R482,=S482,=T482,=U482,=V482
"=""thn_""&N483",=O483,=P483,=Q483,=R483,=S483,=T483,=U483,=V483
"=""thn_""&N484",=O484,=P484,=Q484,=R484,=S484,=T484,=U484,=V484
"=""thn_""&N485",=O485,=P485,=Q485,=R485,=S485,=T485,=U485,=V485
"=""thn_""&N486",=O486,=P486,=Q486,=R486,=S486,=T486,=U486,=V486
"=""thn_""&N487",=O487,=P487,=Q487,=R487,=S487,=T487,=U487,=V487
"=""thn_""&N488",=O488,=P488,=Q488,=R488,=S488,=T488,=U488,=V488
"=""thn_""&N489",=O489,=P489,=Q489,=R489,=S489,=T489,=U489,=V489
"=""thn_""&N490",=O490,=P490,=Q490,=R490,=S490,=T490,=U490,=V490
"=""thn_""&N491",=O491,=P491,=Q491,=R491,=S491,=T491,=U491,=V491
"=""thn_""&N492",=O492,=P492,=Q492,=R492,=S492,=T492,=U492,=V492
"=""thn_""&N493",=O493,=P493,=Q493,=R493,=S493,=T493,=U493,=V493
"=""thn_""&N494",=O494,=P494,=Q494,=R494,=S494,=T494,=U494,=V494
"=""thn_""&N495",=O495,=P495,=Q495,=R495,=S495,=T495,=U495,=V495
"=""thn_""&N496",=O496,=P496,=Q496,=R496,=S496,=T496,=U496,=V496
"=""thn_""&N497",=O497,=P497,=Q497,=R497,=S497,=T497,=U497,=V497
"=""thn_""&N498",=O498,=P498,=Q498,=R498,=S498,=T498,=U498,=V498
"=""thn_""&N499",=O499,=P499,=Q499,=R499,=S499,=T499,=U499,=V499
"=""thn_""&N500",=O500,=P500,=Q500,=R500,=S500,=T500,=U500,=V500
"=""thn_""&N501",=O501,=P501,=Q501,=R501,=S501,=T501,=U501,=V501
"=""thn_""&N502",=O502,=P502,=Q502,=R502,=S502,=T502,=U502,=V502
"=""thn_""&N503",=O503,=P503,=Q503,=R503,=S503,=T503,=U503,=V503
"=""thn_""&N504",=O504,=P504,=Q504,=R504,=S504,=T504,=U504,=V504
"=""thn_""&N505",=O505,=P505,=Q505,=R505,=S505,=T505,=U505,=V505
"=""thn_""&N506",=O506,=P506,=Q506,=R506,=S506,=T506,=U506,=V506
"=""thn_""&N507",=O507,=P507,=Q507,=R507,=S507,=T507,=U507,=V507
"=""thn_""&N508",=O508,=P508,=Q508,=R508,=S508,=T508,=U508,=V508
"=""thn_""&N509",=O509,=P509,=Q509,=R509,=S509,=T509,=U509,=V509
"=""thn_""&N510",=O510,=P510,=Q510,=R510,=S510,=T510,=U510,=V510
"=""thn_""&N511",=O511,=P511,=Q511,=R511,=S511,=T511,=U511,=V511
"=""thn_""&N512",=O512,=P512,=Q512,=R512,=S512,=T512,=U512,=V512
"=""thn_""&N513",=O513,=P513,=Q513,=R513,=S513,=T513,=U513,=V513
"=""thn_""&N514",=O514,=P514,=Q514,=R514,=S514,=T514,=U514,=V514
"=""thn_""&N515",=O515,=P515,=Q515,=R515,=S515,=T515,=U515,=V515
"=""thn_""&N516",=O516,=P516,=Q516,=R516,=S516,=T516,=U516,=V516
"=""thn_""&N517",=O517,=P517,=Q517,=R517,=S517,=T517,=U517,=V517
"=""thn_""&N518",=O518,=P518,=Q518,=R518,=S518,=T518,=U518,=V518
"=""thn_""&N519",=O519,=P519,=Q519,=R519,=S519,=T519,=U519,=V519
"=""thn_""&N520",=O520,=P520,=Q520,=R520,=S520,=T520,=U520,=V520
"=""thn_""&N521",=O521,=P521,=Q521,=R521,=S521,=T521,=U521,=V521
"=""thn_""&N522",=O522,=P522,=Q522,=R522,=S522,=T522,=U522,=V522
"=""thn_""&N523",=O523,=P523,=Q523,=R523,=S523,=T523,=U523,=V523
"=""thn_""&N524",=O524,=P524,=Q524,=R524,=S524,=T524,=U524,=V524
"=""thn_""&N525",=O525,=P525,=Q525,=R525,=S525,=T525,=U525,=V525
"=""thn_""&N526",=O526,=P526,=Q526,=R526,=S526,=T526,=U526,=V526
"=""thn_""&N527",=O527,=P527,=Q527,=R527,=S527,=T527,=U527,=V527
"=""thn_""&N528",=O528,=P528,=Q528,=R528,=S528,=T528,=U528,=V528
"=""thn_""&N529",=O529,=P529,=Q529,=R529,=S529,=T529,=U529,=V529
"=""thn_""&N530",=O530,=P530,=Q530,=R530,=S530,=T530,=U530,=V530
"=""thn_""&N531",=O531,=P531,=Q531,=R531,=S531,=T531,=U531,=V531
"=""thn_""&N532",=O532,=P532,=Q532,=R532,=S532,=T532,=U532,=V532
"=""thn_""&N533",=O533,=P533,=Q533,=R533,=S533,=T533,=U533,=V533
"=""thn_""&N534",=O534,=P534,=Q534,=R534,=S534,=T534,=U534,=V534
"=""thn_""&N535",=O535,=P535,=Q535,=R535,=S535,=T535,=U535,=V535
"=""thn_""&N536",=O536,=P536,=Q536,=R536,=S536,=T536,=U536,=V536
"=""thn_""&N537",=O537,=P537,=Q537,=R537,=S537,=T537,=U537,=V537
"=""thn_""&N538",=O538,=P538,=Q538,=R538,=S538,=T538,=U538,=V538
"=""thn_""&N539",=O539,=P539,=Q539,=R539,=S539,=T539,=U539,=V539
"=""thn_""&N540",=O540,=P540,=Q540,=R540,=S540,=T540,=U540,=V540
"=""thn_""&N541",=O541,=P541,=Q541,=R541,=S541,=T541,=U541,=V541
"=""thn_""&N542",=O542,=P542,=Q542,=R542,=S542,=T542,=U542,=V542
"=""thn_""&N543",=O543,=P543,=Q543,=R543,=S543,=T543,=U543,=V543
"=""thn_""&N544",=O544,=P544,=Q544,=R544,=S544,=T544,=U544,=V544
"=""thn_""&N545",=O545,=P545,=Q545,=R545,=S545,=T545,=U545,=V545
"=""thn_""&N546",=O546,=P546,=Q546,=R546,=S546,=T546,=U546,=V546
"=""thn_""&N547",=O547,=P547,=Q547,=R547,=S547,=T547,=U547,=V547
"=""thn_""&N548",=O548,=P548,=Q548,=R548,=S548,=T548,=U548,=V548
"=""thn_""&N549",=O549,=P549,=Q549,=R549,=S549,=T549,=U549,=V549
"=""thn_""&N550",=O550,=P550,=Q550,=R550,=S550,=T550,=U550,=V550
"=""thn_""&N551",=O551,=P551,=Q551,=R551,=S551,=T551,=U551,=V551
"=""thn_""&N552",=O552,=P552,=Q552,=R552,=S552,=T552,=U552,=V552
"=""thn_""&N553",=O553,=P553,=Q553,=R553,=S553,=T553,=U553,=V553
"=""thn_""&N554",=O554,=P554,=Q554,=R554,=S554,=T554,=U554,=V554
"=""thn_""&N555",=O555,=P555,=Q555,=R555,=S555,=T555,=U555,=V555
"=""thn_""&N556",=O556,=P556,=Q556,=R556,=S556,=T556,=U556,=V556
"=""thn_""&N557",=O557,=P557,=Q557,=R557,=S557,=T557,=U557,=V557
"=""thn_""&N558",=O558,=P558,=Q558,=R558,=S558,=T558,=U558,=V558
"=""thn_""&N559",=O559,=P559,=Q559,=R559,=S559,=T559,=U559,=V559
"=""thn_""&N560",=O560,=P560,=Q560,=R560,=S560,=T560,=U560,=V560
"=""thn_""&N561",=O561,=P561,=Q561,=R561,=S561,=T561,=U561,=V561
"=""thn_""&N562",=O562,=P562,=Q562,=R562,=S562,=T562,=U562,=V562
"=""thn_""&N563",=O563,=P563,=Q563,=R563,=S563,=T563,=U563,=V563
"=""thn_""&N564",=O564,=P564,=Q564,=R564,=S564,=T564,=U564,=V564
"=""thn_""&N565",=O565,=P565,=Q565,=R565,=S565,=T565,=U565,=V565
"=""thn_""&N566",=O566,=P566,=Q566,=R566,=S566,=T566,=U566,=V566
"=""thn_""&N567",=O567,=P567,=Q567,=R567,=S567,=T567,=U567,=V567
"=""thn_""&N568",=O568,=P568,=Q568,=R568,=S568,=T568,=U568,=V568
"=""thn_""&N569",=O569,=P569,=Q569,=R569,=S569,=T569,=U569,=V569
"=""thn_""&N570",=O570,=P570,=Q570,=R570,=S570,=T570,=U570,=V570
"=""thn_""&N571",=O571,=P571,=Q571,=R571,=S571,=T571,=U571,=V571
"=""thn_""&N572",=O572,=P572,=Q572,=R572,=S572,=T572,=U572,=V572
"=""thn_""&N573",=O573,=P573,=Q573,=R573,=S573,=T573,=U573,=V573
"=""thn_""&N574",=O574,=P574,=Q574,=R574,=S574,=T574,=U574,=V574
"=""thn_""&N575",=O575,=P575,=Q575,=R575,=S575,=T575,=U575,=V575
"=""thn_""&N576",=O576,=P576,=Q576,=R576,=S576,=T576,=U576,=V576
"=""thn_""&N577",=O577,=P577,=Q577,=R577,=S577,=T577,=U577,=V577
"=""thn_""&N578",=O578,=P578,=Q578,=R578,=S578,=T578,=U578,=V578
"=""thn_""&N579",=O579,=P579,=Q579,=R579,=S579,=T579,=U579,=V579
"=""thn_""&N580",=O580,=P580,=Q580,=R580,=S580,=T580,=U580,=V580
"=""thn_""&N581",=O581,=P581,=Q581,=R581,=S581,=T581,=U581,=V581
"=""thn_""&N582",=O582,=P582,=Q582,=R582,=S582,=T582,=U582,=V582
"=""thn_""&N583",=O583,=P583,=Q583,=R583,=S583,=T583,=U583,=V583
"=""thn_""&N584",=O584,=P584,=Q584,=R584,=S584,=T584,=U584,=V584
"=""thn_""&N585",=O585,=P585,=Q585,=R585,=S585,=T585,=U585,=V585
"=""thn_""&N586",=O586,=P586,=Q586,=R586,=S586,=T586,=U586,=V586
"=""thn_""&N587",=O587,=P587,=Q587,=R587,=S587,=T587,=U587,=V587
"=""thn_""&N588",=O588,=P588,=Q588,=R588,=S588,=T588,=U588,=V588
"=""thn_""&N589",=O589,=P589,=Q589,=R589,=S589,=T589,=U589,=V589
"=""thn_""&N590",=O590,=P590,=Q590,=R590,=S590,=T590,=U590,=V590
"=""thn_""&N591",=O591,=P591,=Q591,=R591,=S591,=T591,=U591,=V591
"=""thn_""&N592",=O592,=P592,=Q592,=R592,=S592,=T592,=U592,=V592
"=""thn_""&N593",=O593,=P593,=Q593,=R593,=S593,=T593,=U593,=V593
"=""thn_""&N594",=O594,=P594,=Q594,=R594,=S594,=T594,=U594,=V594
"=""thn_""&N595",=O595,=P595,=Q595,=R595,=S595,=T595,=U595,=V595
"=""thn_""&N596",=O596,=P596,=Q596,=R596,=S596,=T596,=U596,=V596
"=""thn_""&N597",=O597,=P597,=Q597,=R597,=S597,=T597,=U597,=V597
"=""thn_""&N598",=O598,=P598,=Q598,=R598,=S598,=T598,=U598,=V598
"=""thn_""&N599",=O599,=P599,=Q599,=R599,=S599,=T599,=U599,=V599
"=""thn_""&N600",=O600,=P600,=Q600,=R600,=S600,=T600,=U600,=V600
"=""thn_""&N601",=O601,=P601,=Q601,=R601,=S601,=T601,=U601,=V601
"=""thn_""&N602",=O602,=P602,=Q602,=R602,=S602,=T602,=U602,=V602
"=""thn_""&N603",=O603,=P603,=Q603,=R603,=S603,=T603,=U603,=V603
"=""thn_""&N604",=O604,=P604,=Q604,=R604,=S604,=T604,=U604,=V604
"=""thn_""&N605",=O605,=P605,=Q605,=R605,=S605,=T605,=U605,=V605
"=""thn_""&N606",=O606,=P606,=Q606,=R606,=S606,=T606,=U606,=V606
"=""thn_""&N607",=O607,=P607,=Q607,=R607,=S607,=T607,=U607,=V607
"=""thn_""&N608",=O608,=P608,=Q608,=R608,=S608,=T608,=U608,=V608
"=""thn_""&N609",=O609,=P609,=Q609,=R609,=S609,=T609,=U609,=V609
"=""thn_""&N610",=O610,=P610,=Q610,=R610,=S610,=T610,=U610,=V610
"=""thn_""&N611",=O611,=P611,=Q611,=R611,=S611,=T611,=U611,=V611
"=""thn_""&N612",=O612,=P612,=Q612,=R612,=S612,=T612,=U612,=V612
"=""thn_""&N613",=O613,=P613,=Q613,=R613,=S613,=T613,=U613,=V613
"=""thn_""&N614",=O614,=P614,=Q614,=R614,=S614,=T614,=U614,=V614
"=""thn_""&N615",=O615,=P615,=Q615,=R615,=S615,=T615,=U615,=V615
"=""thn_""&N616",=O616,=P616,=Q616,=R616,=S616,=T616,=U616,=V616
"=""thn_""&N617",=O617,=P617,=Q617,=R617,=S617,=T617,=U617,=V617
"=""thn_""&N618",=O618,=P618,=Q618,=R618,=S618,=T618,=U618,=V618
"=""thn_""&N619",=O619,=P619,=Q619,=R619,=S619,=T619,=U619,=V619
"=""thn_""&N620",=O620,=P620,=Q620,=R620,=S620,=T620,=U620,=V620
"=""thn_""&N621",=O621,=P621,=Q621,=R621,=S621,=T621,=U621,=V621
"=""thn_""&N622",=O622,=P622,=Q622,=R622,=S622,=T622,=U622,=V622
"=""thn_""&N623",=O623,=P623,=Q623,=R623,=S623,=T623,=U623,=V623
"=""thn_""&N624",=O624,=P624,=Q624,=R624,=S624,=T624,=U624,=V624
"=""thn_""&N625",=O625,=P625,=Q625,=R625,=S625,=T625,=U625,=V625
"=""thn_""&N626",=O626,=P626,=Q626,=R626,=S626,=T626,=U626,=V626
"=""thn_""&N627",=O627,=P627,=Q627,=R627,=S627,=T627,=U627,=V627
"=""thn_""&N628",=O628,=P628,=Q628,=R628,=S628,=T628,=U628,=V628
"=""thn_""&N629",=O629,=P629,=Q629,=R629,=S629,=T629,=U629,=V629
"=""thn_""&N630",=O630,=P630,=Q630,=R630,=S630,=T630,=U630,=V630
"=""thn_""&N631",=O631,=P631,=Q631,=R631,=S631,=T631,=U631,=V631
"=""thn_""&N632",=O632,=P632,=Q632,=R632,=S632,=T632,=U632,=V632
"=""thn_""&N633",=O633,=P633,=Q633,=R633,=S633,=T633,=U633,=V633
"=""thn_""&N634",=O634,=P634,=Q634,=R634,=S634,=T634,=U634,=V634
"=""thn_""&N635",=O635,=P635,=Q635,=R635,=S635,=T635,=U635,=V635
"=""thn_""&N636",=O636,=P636,=Q636,=R636,=S636,=T636,=U636,=V636
"=""thn_""&N637",=O637,=P637,=Q637,=R637,=S637,=T637,=U637,=V637
"=""thn_""&N638",=O638,=P638,=Q638,=R638,=S638,=T638,=U638,=V638
"=""thn_""&N639",=O639,=P639,=Q639,=R639,=S639,=T639,=U639,=V639
"=""thn_""&N640",=O640,=P640,=Q640,=R640,=S640,=T640,=U640,=V640
"=""thn_""&N641",=O641,=P641,=Q641,=R641,=S641,=T641,=U641,=V641
"=""thn_""&N642",=O642,=P642,=Q642,=R642,=S642,=T642,=U642,=V642
"=""thn_""&N643",=O643,=P643,=Q643,=R643,=S643,=T643,=U643,=V643
"=""thn_""&N644",=O644,=P644,=Q644,=R644,=S644,=T644,=U644,=V644
"=""thn_""&N645",=O645,=P645,=Q645,=R645,=S645,=T645,=U645,=V645
"=""thn_""&N646",=O646,=P646,=Q646,=R646,=S646,=T646,=U646,=V646
"=""thn_""&N647",=O647,=P647,=Q647,=R647,=S647,=T647,=U647,=V647
"=""thn_""&N648",=O648,=P648,=Q648,=R648,=S648,=T648,=U648,=V648
"=""thn_""&N649",=O649,=P649,=Q649,=R649,=S649,=T649,=U649,=V649
"=""thn_""&N650",=O650,=P650,=Q650,=R650,=S650,=T650,=U650,=V650
"=""thn_""&N651",=O651,=P651,=Q651,=R651,=S651,=T651,=U651,=V651
"=""thn_""&N652",=O652,=P652,=Q652,=R652,=S652,=T652,=U652,=V652
"=""thn_""&N653",=O653,=P653,=Q653,=R653,=S653,=T653,=U653,=V653
"=""thn_""&N654",=O654,=P654,=Q654,=R654,=S654,=T654,=U654,=V654
"=""thn_""&N655",=O655,=P655,=Q655,=R655,=S655,=T655,=U655,=V655
"=""thn_""&N656",=O656,=P656,=Q656,=R656,=S656,=T656,=U656,=V656
"=""thn_""&N657",=O657,=P657,=Q657,=R657,=S657,=T657,=U657,=V657
"=""thn_""&N658",=O658,=P658,=Q658,=R658,=S658,=T658,=U658,=V658
"=""thn_""&N659",=O659,=P659,=Q659,=R659,=S659,=T659,=U659,=V659
"=""thn_""&N660",=O660,=P660,=Q660,=R660,=S660,=T660,=U660,=V660
"=""thn_""&N661",=O661,=P661,=Q661,=R661,=S661,=T661,=U661,=V661
"=""thn_""&N662",=O662,=P662,=Q662,=R662,=S662,=T662,=U662,=V662
"=""thn_""&N663",=O663,=P663,=Q663,=R663,=S663,=T663,=U663,=V663
"=""thn_""&N664",=O664,=P664,=Q664,=R664,=S664,=T664,=U664,=V664
"=""thn_""&N665",=O665,=P665,=Q665,=R665,=S665,=T665,=U665,=V665
"=""thn_""&N666",=O666,=P666,=Q666,=R666,=S666,=T666,=U666,=V666
"=""thn_""&N667",=O667,=P667,=Q667,=R667,=S667,=T667,=U667,=V667
"=""thn_""&N668",=O668,=P668,=Q668,=R668,=S668,=T668,=U668,=V668
"=""thn_""&N669",=O669,=P669,=Q669,=R669,=S669,=T669,=U669,=V669
"=""thn_""&N670",=O670,=P670,=Q670,=R670,=S670,=T670,=U670,=V670
"=""thn_""&N671",=O671,=P671,=Q671,=R671,=S671,=T671,=U671,=V671
"=""thn_""&N672",=O672,=P672,=Q672,=R672,=S672,=T672,=U672,=V672
"=""thn_""&N673",=O673,=P673,=Q673,=R673,=S673,=T673,=U673,=V673
"=""thn_""&N674",=O674,=P674,=Q674,=R674,=S674,=T674,=U674,=V674
"=""thn_""&N675",=O675,=P675,=Q675,=R675,=S675,=T675,=U675,=V675
"=""thn_""&N676",=O676,=P676,=Q676,=R676,=S676,=T676,=U676,=V676
"=""thn_""&N677",=O677,=P677,=Q677,=R677,=S677,=T677,=U677,=V677
"=""thn_""&N678",=O678,=P678,=Q678,=R678,=S678,=T678,=U678,=V678
"=""thn_""&N679",=O679,=P679,=Q679,=R679,=S679,=T679,=U679,=V679
"=""thn_""&N680",=O680,=P680,=Q680,=R680,=S680,=T680,=U680,=V680
"=""thn_""&N681",=O681,=P681,=Q681,=R681,=S681,=T681,=U681,=V681
"=""thn_""&N682",=O682,=P682,=Q682,=R682,=S682,=T682,=U682,=V682
"=""thn_""&N683",=O683,=P683,=Q683,=R683,=S683,=T683,=U683,=V683
"=""thn_""&N684",=O684,=P684,=Q684,=R684,=S684,=T684,=U684,=V684
"=""thn_""&N685",=O685,=P685,=Q685,=R685,=S685,=T685,=U685,=V685
"=""thn_""&N686",=O686,=P686,=Q686,=R686,=S686,=T686,=U686,=V686
"=""thn_""&N687",=O687,=P687,=Q687,=R687,=S687,=T687,=U687,=V687
"=""thn_""&N688",=O688,=P688,=Q688,=R688,=S688,=T688,=U688,=V688
"=""thn_""&N689",=O689,=P689,=Q689,=R689,=S689,=T689,=U689,=V689
"=""thn_""&N690",=O690,=P690,=Q690,=R690,=S690,=T690,=U690,=V690
"=""thn_""&N691",=O691,=P691,=Q691,=R691,=S691,=T691,=U691,=V691
"=""thn_""&N692",=O692,=P692,=Q692,=R692,=S692,=T692,=U692,=V692
"=""thn_""&N693",=O693,=P693,=Q693,=R693,=S693,=T693,=U693,=V693
"=""thn_""&N694",=O694,=P694,=Q694,=R694,=S694,=T694,=U694,=V694
"=""thn_""&N695",=O695,=P695,=Q695,=R695,=S695,=T695,=U695,=V695
"=""thn_""&N696",=O696,=P696,=Q696,=R696,=S696,=T696,=U696,=V696
"=""thn_""&N697",=O697,=P697,=Q697,=R697,=S697,=T697,=U697,=V697
"=""thn_""&N698",=O698,=P698,=Q698,=R698,=S698,=T698,=U698,=V698
"=""thn_""&N699",=O699,=P699,=Q699,=R699,=S699,=T699,=U699,=V699
"=""thn_""&N700",=O700,=P700,=Q700,=R700,=S700,=T700,=U700,=V700
"=""thn_""&N701",=O701,=P701,=Q701,=R701,=S701,=T701,=U701,=V701
"=""thn_""&N702",=O702,=P702,=Q702,=R702,=S702,=T702,=U702,=V702
"=""thn_""&N703",=O703,=P703,=Q703,=R703,=S703,=T703,=U703,=V703
"=""thn_""&N704",=O704,=P704,=Q704,=R704,=S704,=T704,=U704,=V704
"=""thn_""&N705",=O705,=P705,=Q705,=R705,=S705,=T705,=U705,=V705
"=""thn_""&N706",=O706,=P706,=Q706,=R706,=S706,=T706,=U706,=V706
"=""thn_""&N707",=O707,=P707,=Q707,=R707,=S707,=T707,=U707,=V707
"=""thn_""&N708",=O708,=P708,=Q708,=R708,=S708,=T708,=U708,=V708
"=""thn_""&N709",=O709,=P709,=Q709,=R709,=S709,=T709,=U709,=V709
"=""thn_""&N710",=O710,=P710,=Q710,=R710,=S710,=T710,=U710,=V710
"=""thn_""&N711",=O711,=P711,=Q711,=R711,=S711,=T711,=U711,=V711
"=""thn_""&N712",=O712,=P712,=Q712,=R712,=S712,=T712,=U712,=V712
"=""thn_""&N713",=O713,=P713,=Q713,=R713,=S713,=T713,=U713,=V713
"=""thn_""&N714",=O714,=P714,=Q714,=R714,=S714,=T714,=U714,=V714
"=""thn_""&N715",=O715,=P715,=Q715,=R715,=S715,=T715,=U715,=V715
"=""thn_""&N716",=O716,=P716,=Q716,=R716,=S716,=T716,=U716,=V716
"=""thn_""&N717",=O717,=P717,=Q717,=R717,=S717,=T717,=U717,=V717
"=""thn_""&N718",=O718,=P718,=Q718,=R718,=S718,=T718,=U718,=V718
"=""thn_""&N719",=O719,=P719,=Q719,=R719,=S719,=T719,=U719,=V719
"=""thn_""&N720",=O720,=P720,=Q720,=R720,=S720,=T720,=U720,=V720
"=""thn_""&N721",=O721,=P721,=Q721,=R721,=S721,=T721,=U721,=V721
"=""thn_""&N722",=O722,=P722,=Q722,=R722,=S722,=T722,=U722,=V722
"=""thn_""&N723",=O723,=P723,=Q723,=R723,=S723,=T723,=U723,=V723
"=""thn_""&N724",=O724,=P724,=Q724,=R724,=S724,=T724,=U724,=V724
"=""thn_""&N725",=O725,=P725,=Q725,=R725,=S725,=T725,=U725,=V725
"=""thn_""&N726",=O726,=P726,=Q726,=R726,=S726,=T726,=U726,=V726
"=""thn_""&N727",=O727,=P727,=Q727,=R727,=S727,=T727,=U727,=V727
"=""thn_""&N728",=O728,=P728,=Q728,=R728,=S728,=T728,=U728,=V728
"=""thn_""&N729",=O729,=P729,=Q729,=R729,=S729,=T729,=U729,=V729
"=""thn_""&N730",=O730,=P730,=Q730,=R730,=S730,=T730,=U730,=V730
"=""thn_""&N731",=O731,=P731,=Q731,=R731,=S731,=T731,=U731,=V731
"=""thn_""&N732",=O732,=P732,=Q732,=R732,=S732,=T732,=U732,=V732
"=""thn_""&N733",=O733,=P733,=Q733,=R733,=S733,=T733,=U733,=V733
"=""thn_""&N734",=O734,=P734,=Q734,=R734,=S734,=T734,=U734,=V734
"=""thn_""&N735",=O735,=P735,=Q735,=R735,=S735,=T735,=U735,=V735
"=""thn_""&N736",=O736,=P736,=Q736,=R736,=S736,=T736,=U736,=V736
"=""thn_""&N737",=O737,=P737,=Q737,=R737,=S737,=T737,=U737,=V737
"=""thn_""&N738",=O738,=P738,=Q738,=R738,=S738,=T738,=U738,=V738
"=""thn_""&N739",=O739,=P739,=Q739,=R739,=S739,=T739,=U739,=V739
"=""thn_""&N740",=O740,=P740,=Q740,=R740,=S740,=T740,=U740,=V740
"=""thn_""&N741",=O741,=P741,=Q741,=R741,=S741,=T741,=U741,=V741
"=""thn_""&N742",=O742,=P742,=Q742,=R742,=S742,=T742,=U742,=V742
"=""thn_""&N743",=O743,=P743,=Q743,=R743,=S743,=T743,=U743,=V743
"=""thn_""&N744",=O744,=P744,=Q744,=R744,=S744,=T744,=U744,=V744
"=""thn_""&N745",=O745,=P745,=Q745,=R745,=S745,=T745,=U745,=V745
"=""thn_""&N746",=O746,=P746,=Q746,=R746,=S746,=T746,=U746,=V746
"=""thn_""&N747",=O747,=P747,=Q747,=R747,=S747,=T747,=U747,=V747
"=""thn_""&N748",=O748,=P748,=Q748,=R748,=S748,=T748,=U748,=V748
"=""thn_""&N749",=O749,=P749,=Q749,=R749,=S749,=T749,=U749,=V749
"=""thn_""&N750",=O750,=P750,=Q750,=R750,=S750,=T750,=U750,=V750
"=""thn_""&N751",=O751,=P751,=Q751,=R751,=S751,=T751,=U751,=V751
"=""thn_""&N752",=O752,=P752,=Q752,=R752,=S752,=T752,=U752,=V752
"=""thn_""&N753",=O753,=P753,=Q753,=R753,=S753,=T753,=U753,=V753
"=""thn_""&N754",=O754,=P754,=Q754,=R754,=S754,=T754,=U754,=V754
"=""thn_""&N755",=O755,=P755,=Q755,=R755,=S755,=T755,=U755,=V755
"=""thn_""&N756",=O756,=P756,=Q756,=R756,=S756,=T756,=U756,=V756
"=""thn_""&N757",=O757,=P757,=Q757,=R757,=S757,=T757,=U757,=V757
"=""thn_""&N758",=O758,=P758,=Q758,=R758,=S758,=T758,=U758,=V758
"=""thn_""&N759",=O759,=P759,=Q759,=R759,=S759,=T759,=U759,=V759
"=""thn_""&N760",=O760,=P760,=Q760,=R760,=S760,=T760,=U760,=V760
"=""thn_""&N761",=O761,=P761,=Q761,=R761,=S761,=T761,=U761,=V761
"=""thn_""&N762",=O762,=P762,=Q762,=R762,=S762,=T762,=U762,=V762
"=""thn_""&N763",=O763,=P763,=Q763,=R763,=S763,=T763,=U763,=V763
"=""thn_""&N764",=O764,=P764,=Q764,=R764,=S764,=T764,=U764,=V764
"=""thn_""&N765",=O765,=P765,=Q765,=R765,=S765,=T765,=U765,=V765
"=""thn_""&N766",=O766,=P766,=Q766,=R766,=S766,=T766,=U766,=V766
"=""thn_""&N767",=O767,=P767,=Q767,=R767,=S767,=T767,=U767,=V767
"=""thn_""&N768",=O768,=P768,=Q768,=R768,=S768,=T768,=U768,=V768
"=""thn_""&N769",=O769,=P769,=Q769,=R769,=S769,=T769,=U769,=V769
"=""thn_""&N770",=O770,=P770,=Q770,=R770,=S770,=T770,=U770,=V770
"=""thn_""&N771",=O771,=P771,=Q771,=R771,=S771,=T771,=U771,=V771
"=""thn_""&N772",=O772,=P772,=Q772,=R772,=S772,=T772,=U772,=V772
"=""thn_""&N773",=O773,=P773,=Q773,=R773,=S773,=T773,=U773,=V773
"=""thn_""&N774",=O774,=P774,=Q774,=R774,=S774,=T774,=U774,=V774
"=""thn_""&N775",=O775,=P775,=Q775,=R775,=S775,=T775,=U775,=V775
"=""thn_""&N776",=O776,=P776,=Q776,=R776,=S776,=T776,=U776,=V776
"=""thn_""&N777",=O777,=P777,=Q777,=R777,=S777,=T777,=U777,=V777
"=""thn_""&N778",=O778,=P778,=Q778,=R778,=S778,=T778,=U778,=V778
"=""thn_""&N779",=O779,=P779,=Q779,=R779,=S779,=T779,=U779,=V779
"=""thn_""&N780",=O780,=P780,=Q780,=R780,=S780,=T780,=U780,=V780
"=""thn_""&N781",=O781,=P781,=Q781,=R781,=S781,=T781,=U781,=V781
"=""thn_""&N782",=O782,=P782,=Q782,=R782,=S782,=T782,=U782,=V782
"=""thn_""&N783",=O783,=P783,=Q783,=R783,=S783,=T783,=U783,=V783
"=""thn_""&N784",=O784,=P784,=Q784,=R784,=S784,=T784,=U784,=V784
"=""thn_""&N785",=O785,=P785,=Q785,=R785,=S785,=T785,=U785,=V785
"=""thn_""&N786",=O786,=P786,=Q786,=R786,=S786,=T786,=U786,=V786
"=""thn_""&N787",=O787,=P787,=Q787,=R787,=S787,=T787,=U787,=V787
"=""thn_""&N788",=O788,=P788,=Q788,=R788,=S788,=T788,=U788,=V788
"=""thn_""&N789",=O789,=P789,=Q789,=R789,=S789,=T789,=U789,=V789
"=""thn_""&N790",=O790,=P790,=Q790,=R790,=S790,=T790,=U790,=V790
"=""thn_""&N791",=O791,=P791,=Q791,=R791,=S791,=T791,=U791,=V791
"=""thn_""&N792",=O792,=P792,=Q792,=R792,=S792,=T792,=U792,=V792
"=""thn_""&N793",=O793,=P793,=Q793,=R793,=S793,=T793,=U793,=V793
"=""thn_""&N794",=O794,=P794,=Q794,=R794,=S794,=T794,=U794,=V794
"=""thn_""&N795",=O795,=P795,=Q795,=R795,=S795,=T795,=U795,=V795
"=""thn_""&N796",=O796,=P796,=Q796,=R796,=S796,=T796,=U796,=V796
"=""thn_""&N797",=O797,=P797,=Q797,=R797,=S797,=T797,=U797,=V797
"=""thn_""&N798",=O798,=P798,=Q798,=R798,=S798,=T798,=U798,=V798
"=""thn_""&N799",=O799,=P799,=Q799,=R799,=S799,=T799,=U799,=V799
"=""thn_""&N800",=O800,=P800,=Q800,=R800,=S800,=T800,=U800,=V800
"=""thn_""&N801",=O801,=P801,=Q801,=R801,=S801,=T801,=U801,=V801
"=""thn_""&N802",=O802,=P802,=Q802,=R802,=S802,=T802,=U802,=V802
"=""thn_""&N803",=O803,=P803,=Q803,=R803,=S803,=T803,=U803,=V803
"=""thn_""&N804",=O804,=P804,=Q804,=R804,=S804,=T804,=U804,=V804
"=""thn_""&N805",=O805,=P805,=Q805,=R805,=S805,=T805,=U805,=V805
"=""thn_""&N806",=O806,=P806,=Q806,=R806,=S806,=T806,=U806,=V806
"=""thn_""&N807",=O807,=P807,=Q807,=R807,=S807,=T807,=U807,=V807
"=""thn_""&N808",=O808,=P808,=Q808,=R808,=S808,=T808,=U808,=V808
"=""thn_""&N809",=O809,=P809,=Q809,=R809,=S809,=T809,=U809,=V809
"=""thn_""&N810",=O810,=P810,=Q810,=R810,=S810,=T810,=U810,=V810
"=""thn_""&N811",=O811,=P811,=Q811,=R811,=S811,=T811,=U811,=V811
"=""thn_""&N812",=O812,=P812,=Q812,=R812,=S812,=T812,=U812,=V812
"=""thn_""&N813",=O813,=P813,=Q813,=R813,=S813,=T813,=U813,=V813
"=""thn_""&N814",=O814,=P814,=Q814,=R814,=S814,=T814,=U814,=V814
"=""thn_""&N815",=O815,=P815,=Q815,=R815,=S815,=T815,=U815,=V815
"=""thn_""&N816",=O816,=P816,=Q816,=R816,=S816,=T816,=U816,=V816
"=""thn_""&N817",=O817,=P817,=Q817,=R817,=S817,=T817,=U817,=V817
"=""thn_""&N818",=O818,=P818,=Q818,=R818,=S818,=T818,=U818,=V818
"=""thn_""&N819",=O819,=P819,=Q819,=R819,=S819,=T819,=U819,=V819
"=""thn_""&N820",=O820,=P820,=Q820,=R820,=S820,=T820,=U820,=V820
"=""thn_""&N821",=O821,=P821,=Q821,=R821,=S821,=T821,=U821,=V821
"=""thn_""&N822",=O822,=P822,=Q822,=R822,=S822,=T822,=U822,=V822
"=""thn_""&N823",=O823,=P823,=Q823,=R823,=S823,=T823,=U823,=V823
"=""thn_""&N824",=O824,=P824,=Q824,=R824,=S824,=T824,=U824,=V824
"=""thn_""&N825",=O825,=P825,=Q825,=R825,=S825,=T825,=U825,=V825
"=""thn_""&N826",=O826,=P826,=Q826,=R826,=S826,=T826,=U826,=V826
"=""thn_""&N827",=O827,=P827,=Q827,=R827,=S827,=T827,=U827,=V827
"=""thn_""&N828",=O828,=P828,=Q828,=R828,=S828,=T828,=U828,=V828
"=""thn_""&N829",=O829,=P829,=Q829,=R829,=S829,=T829,=U829,=V829
"=""thn_""&N830",=O830,=P830,=Q830,=R830,=S830,=T830,=U830,=V830
"=""thn_""&N831",=O831,=P831,=Q831,=R831,=S831,=T831,=U831,=V831
"=""thn_""&N832",=O832,=P832,=Q832,=R832,=S832,=T832,=U832,=V832
"=""thn_""&N833",=O833,=P833,=Q833,=R833,=S833,=T833,=U833,=V833
"=""thn_""&N834",=O834,=P834,=Q834,=R834,=S834,=T834,=U834,=V834
"=""thn_""&N835",=O835,=P835,=Q835,=R835,=S835,=T835,=U835,=V835
"=""thn_""&N836",=O836,=P836,=Q836,=R836,=S836,=T836,=U836,=V836
"=""thn_""&N837",=O837,=P837,=Q837,=R837,=S837,=T837,=U837,=V837
"=""thn_""&N838",=O838,=P838,=Q838,=R838,=S838,=T838,=U838,=V838
"=""thn_""&N839",=O839,=P839,=Q839,=R839,=S839,=T839,=U839,=V839
"=""thn_""&N840",=O840,=P840,=Q840,=R840,=S840,=T840,=U840,=V840
"=""thn_""&N841",=O841,=P841,=Q841,=R841,=S841,=T841,=U841,=V841
"=""thn_""&N842",=O842,=P842,=Q842,=R842,=S842,=T842,=U842,=V842
"=""thn_""&N843",=O843,=P843,=Q843,=R843,=S843,=T843,=U843,=V843
"=""thn_""&N844",=O844,=P844,=Q844,=R844,=S844,=T844,=U844,=V844
"=""thn_""&N845",=O845,=P845,=Q845,=R845,=S845,=T845,=U845,=V845
"=""thn_""&N846",=O846,=P846,=Q846,=R846,=S846,=T846,=U846,=V846
"=""thn_""&N847",=O847,=P847,=Q847,=R847,=S847,=T847,=U847,=V847
"=""thn_""&N848",=O848,=P848,=Q848,=R848,=S848,=T848,=U848,=V848
"=""thn_""&N849",=O849,=P849,=Q849,=R849,=S849,=T849,=U849,=V849
"=""thn_""&N850",=O850,=P850,=Q850,=R850,=S850,=T850,=U850,=V850
"=""thn_""&N851",=O851,=P851,=Q851,=R851,=S851,=T851,=U851,=V851
"=""thn_""&N852",=O852,=P852,=Q852,=R852,=S852,=T852,=U852,=V852
"=""thn_""&N853",=O853,=P853,=Q853,=R853,=S853,=T853,=U853,=V853
"=""thn_""&N854",=O854,=P854,=Q854,=R854,=S854,=T854,=U854,=V854
"=""thn_""&N855",=O855,=P855,=Q855,=R855,=S855,=T855,=U855,=V855
"=""thn_""&N856",=O856,=P856,=Q856,=R856,=S856,=T856,=U856,=V856
"=""thn_""&N857",=O857,=P857,=Q857,=R857,=S857,=T857,=U857,=V857
"=""thn_""&N858",=O858,=P858,=Q858,=R858,=S858,=T858,=U858,=V858
"=""thn_""&N859",=O859,=P859,=Q859,=R859,=S859,=T859,=U859,=V859
"=""thn_""&N860",=O860,=P860,=Q860,=R860,=S860,=T860,=U860,=V860
"=""thn_""&N861",=O861,=P861,=Q861,=R861,=S861,=T861,=U861,=V861
"=""thn_""&N862",=O862,=P862,=Q862,=R862,=S862,=T862,=U862,=V862
"=""thn_""&N863",=O863,=P863,=Q863,=R863,=S863,=T863,=U863,=V863
"=""thn_""&N864",=O864,=P864,=Q864,=R864,=S864,=T864,=U864,=V864
"=""thn_""&N865",=O865,=P865,=Q865,=R865,=S865,=T865,=U865,=V865
"=""thn_""&N866",=O866,=P866,=Q866,=R866,=S866,=T866,=U866,=V866
"=""thn_""&N867",=O867,=P867,=Q867,=R867,=S867,=T867,=U867,=V867
"=""thn_""&N868",=O868,=P868,=Q868,=R868,=S868,=T868,=U868,=V868
"=""thn_""&N869",=O869,=P869,=Q869,=R869,=S869,=T869,=U869,=V869
"=""thn_""&N870",=O870,=P870,=Q870,=R870,=S870,=T870,=U870,=V870
"=""thn_""&N871",=O871,=P871,=Q871,=R871,=S871,=T871,=U871,=V871
"=""thn_""&N872",=O872,=P872,=Q872,=R872,=S872,=T872,=U872,=V872
"=""thn_""&N873",=O873,=P873,=Q873,=R873,=S873,=T873,=U873,=V873
"=""thn_""&N874",=O874,=P874,=Q874,=R874,=S874,=T874,=U874,=V874
"=""thn_""&N875",=O875,=P875,=Q875,=R875,=S875,=T875,=U875,=V875
"=""thn_""&N876",=O876,=P876,=Q876,=R876,=S876,=T876,=U876,=V876
"=""thn_""&N877",=O877,=P877,=Q877,=R877,=S877,=T877,=U877,=V877
"=""thn_""&N878",=O878,=P878,=Q878,=R878,=S878,=T878,=U878,=V878
"=""thn_""&N879",=O879,=P879,=Q879,=R879,=S879,=T879,=U879,=V879
"=""thn_""&N880",=O880,=P880,=Q880,=R880,=S880,=T880,=U880,=V880
"=""thn_""&N881",=O881,=P881,=Q881,=R881,=S881,=T881,=U881,=V881
"=""thn_""&N882",=O882,=P882,=Q882,=R882,=S882,=T882,=U882,=V882
"=""thn_""&N883",=O883,=P883,=Q883,=R883,=S883,=T883,=U883,=V883
"=""thn_""&N884",=O884,=P884,=Q884,=R884,=S884,=T884,=U884,=V884
"=""thn_""&N885",=O885,=P885,=Q885,=R885,=S885,=T885,=U885,=V885
"=""thn_""&N886",=O886,=P886,=Q886,=R886,=S886,=T886,=U886,=V886
"=""thn_""&N887",=O887,=P887,=Q887,=R887,=S887,=T887,=U887,=V887
"=""thn_""&N888",=O888,=P888,=Q888,=R888,=S888,=T888,=U888,=V888
"=""thn_""&N889",=O889,=P889,=Q889,=R889,=S889,=T889,=U889,=V889
"=""thn_""&N890",=O890,=P890,=Q890,=R890,=S890,=T890,=U890,=V890
"=""thn_""&N891",=O891,=P891,=Q891,=R891,=S891,=T891,=U891,=V891
"=""thn_""&N892",=O892,=P892,=Q892,=R892,=S892,=T892,=U892,=V892
"=""thn_""&N893",=O893,=P893,=Q893,=R893,=S893,=T893,=U893,=V893
"=""thn_""&N894",=O894,=P894,=Q894,=R894,=S894,=T894,=U894,=V894
"=""thn_""&N895",=O895,=P895,=Q895,=R895,=S895,=T895,=U895,=V895
"=""thn_""&N896",=O896,=P896,=Q896,=R896,=S896,=T896,=U896,=V896
"=""thn_""&N897",=O897,=P897,=Q897,=R897,=S897,=T897,=U897,=V897
"=""thn_""&N898",=O898,=P898,=Q898,=R898,=S898,=T898,=U898,=V898
"=""thn_""&N899",=O899,=P899,=Q899,=R899,=S899,=T899,=U899,=V899
"=""thn_""&N900",=O900,=P900,=Q900,=R900,=S900,=T900,=U900,=V900
"=""thn_""&N901",=O901,=P901,=Q901,=R901,=S901,=T901,=U901,=V901
"=""thn_""&N902",=O902,=P902,=Q902,=R902,=S902,=T902,=U902,=V902
"=""thn_""&N903",=O903,=P903,=Q903,=R903,=S903,=T903,=U903,=V903
"=""thn_""&N904",=O904,=P904,=Q904,=R904,=S904,=T904,=U904,=V904
"=""thn_""&N905",=O905,=P905,=Q905,=R905,=S905,=T905,=U905,=V905
"=""thn_""&N906",=O906,=P906,=Q906,=R906,=S906,=T906,=U906,=V906
"=""thn_""&N907",=O907,=P907,=Q907,=R907,=S907,=T907,=U907,=V907
"=""thn_""&N908",=O908,=P908,=Q908,=R908,=S908,=T908,=U908,=V908
"=""thn_""&N909",=O909,=P909,=Q909,=R909,=S909,=T909,=U909,=V909
"=""thn_""&N910",=O910,=P910,=Q910,=R910,=S910,=T910,=U910,=V910
"=""thn_""&N911",=O911,=P911,=Q911,=R911,=S911,=T911,=U911,=V911
"=""thn_""&N912",=O912,=P912,=Q912,=R912,=S912,=T912,=U912,=V912
"=""thn_""&N913",=O913,=P913,=Q913,=R913,=S913,=T913,=U913,=V913
"=""thn_""&N914",=O914,=P914,=Q914,=R914,=S914,=T914,=U914,=V914
"=""thn_""&N915",=O915,=P915,=Q915,=R915,=S915,=T915,=U915,=V915
"=""thn_""&N916",=O916,=P916,=Q916,=R916,=S916,=T916,=U916,=V916
"=""thn_""&N917",=O917,=P917,=Q917,=R917,=S917,=T917,=U917,=V917
"=""thn_""&N918",=O918,=P918,=Q918,=R918,=S918,=T918,=U918,=V918
"=""thn_""&N919",=O919,=P919,=Q919,=R919,=S919,=T919,=U919,=V919
"=""thn_""&N920",=O920,=P920,=Q920,=R920,=S920,=T920,=U920,=V920
"=""thn_""&N921",=O921,=P921,=Q921,=R921,=S921,=T921,=U921,=V921
"=""thn_""&N922",=O922,=P922,=Q922,=R922,=S922,=T922,=U922,=V922
"=""thn_""&N923",=O923,=P923,=Q923,=R923,=S923,=T923,=U923,=V923
"=""thn_""&N924",=O924,=P924,=Q924,=R924,=S924,=T924,=U924,=V924
"=""thn_""&N925",=O925,=P925,=Q925,=R925,=S925,=T925,=U925,=V925
"=""thn_""&N926",=O926,=P926,=Q926,=R926,=S926,=T926,=U926,=V926
"=""thn_""&N927",=O927,=P927,=Q927,=R927,=S927,=T927,=U927,=V927
"=""thn_""&N928",=O928,=P928,=Q928,=R928,=S928,=T928,=U928,=V928
"=""thn_""&N929",=O929,=P929,=Q929,=R929,=S929,=T929,=U929,=V929
"=""thn_""&N930",=O930,=P930,=Q930,=R930,=S930,=T930,=U930,=V930
"=""thn_""&N931",=O931,=P931,=Q931,=R931,=S931,=T931,=U931,=V931
"=""thn_""&N932",=O932,=P932,=Q932,=R932,=S932,=T932,=U932,=V932
"=""thn_""&N933",=O933,=P933,=Q933,=R933,=S933,=T933,=U933,=V933
"=""thn_""&N934",=O934,=P934,=Q934,=R934,=S934,=T934,=U934,=V934
"=""thn_""&N935",=O935,=P935,=Q935,=R935,=S935,=T935,=U935,=V935
"=""thn_""&N936",=O936,=P936,=Q936,=R936,=S936,=T936,=U936,=V936
"=""thn_""&N937",=O937,=P937,=Q937,=R937,=S937,=T937,=U937,=V937
"=""thn_""&N938",=O938,=P938,=Q938,=R938,=S938,=T938,=U938,=V938
"=""thn_""&N939",=O939,=P939,=Q939,=R939,=S939,=T939,=U939,=V939
"=""thn_""&N940",=O940,=P940,=Q940,=R940,=S940,=T940,=U940,=V940
"=""thn_""&N941",=O941,=P941,=Q941,=R941,=S941,=T941,=U941,=V941
"=""thn_""&N942",=O942,=P942,=Q942,=R942,=S942,=T942,=U942,=V942
"=""thn_""&N943",=O943,=P943,=Q943,=R943,=S943,=T943,=U943,=V943
"=""thn_""&N944",=O944,=P944,=Q944,=R944,=S944,=T944,=U944,=V944
"=""thn_""&N945",=O945,=P945,=Q945,=R945,=S945,=T945,=U945,=V945
"=""thn_""&N946",=O946,=P946,=Q946,=R946,=S946,=T946,=U946,=V946
"=""thn_""&N947",=O947,=P947,=Q947,=R947,=S947,=T947,=U947,=V947
"=""thn_""&N948",=O948,=P948,=Q948,=R948,=S948,=T948,=U948,=V948
"=""thn_""&N949",=O949,=P949,=Q949,=R949,=S949,=T949,=U949,=V949
"=""thn_""&N950",=O950,=P950,=Q950,=R950,=S950,=T950,=U950,=V950
"=""thn_""&N951",=O951,=P951,=Q951,=R951,=S951,=T951,=U951,=V951
"=""thn_""&N952",=O952,=P952,=Q952,=R952,=S952,=T952,=U952,=V952
"=""thn_""&N953",=O953,=P953,=Q953,=R953,=S953,=T953,=U953,=V953
"=""thn_""&N954",=O954,=P954,=Q954,=R954,=S954,=T954,=U954,=V954
"=""thn_""&N955",=O955,=P955,=Q955,=R955,=S955,=T955,=U955,=V955
"=""thn_""&N956",=O956,=P956,=Q956,=R956,=S956,=T956,=U956,=V956
"=""thn_""&N957",=O957,=P957,=Q957,=R957,=S957,=T957,=U957,=V957
"=""thn_""&N958",=O958,=P958,=Q958,=R958,=S958,=T958,=U958,=V958
"=""thn_""&N959",=O959,=P959,=Q959,=R959,=S959,=T959,=U959,=V959
"=""thn_""&N960",=O960,=P960,=Q960,=R960,=S960,=T960,=U960,=V960
"=""thn_""&N961",=O961,=P961,=Q961,=R961,=S961,=T961,=U961,=V961
"=""thn_""&N962",=O962,=P962,=Q962,=R962,=S962,=T962,=U962,=V962
"=""thn_""&N963",=O963,=P963,=Q963,=R963,=S963,=T963,=U963,=V963
"=""thn_""&N964",=O964,=P964,=Q964,=R964,=S964,=T964,=U964,=V964
"=""thn_""&N965",=O965,=P965,=Q965,=R965,=S965,=T965,=U965,=V965
"=""thn_""&N966",=O966,=P966,=Q966,=R966,=S966,=T966,=U966,=V966
"=""thn_""&N967",=O967,=P967,=Q967,=R967,=S967,=T967,=U967,=V967
"=""thn_""&N968",=O968,=P968,=Q968,=R968,=S968,=T968,=U968,=V968
"=""thn_""&N969",=O969,=P969,=Q969,=R969,=S969,=T969,=U969,=V969
"=""thn_""&N970",=O970,=P970,=Q970,=R970,=S970,=T970,=U970,=V970
"=""thn_""&N971",=O971,=P971,=Q971,=R971,=S971,=T971,=U971,=V971
"=""thn_""&N972",=O972,=P972,=Q972,=R972,=S972,=T972,=U972,=V972
"=""thn_""&N973",=O973,=P973,=Q973,=R973,=S973,=T973,=U973,=V973
"=""thn_""&N974",=O974,=P974,=Q974,=R974,=S974,=T974,=U974,=V974
"=""thn_""&N975",=O975,=P975,=Q975,=R975,=S975,=T975,=U975,=V975
"=""thn_""&N976",=O976,=P976,=Q976,=R976,=S976,=T976,=U976,=V976
"=""thn_""&N977",=O977,=P977,=Q977,=R977,=S977,=T977,=U977,=V977
"=""thn_""&N978",=O978,=P978,=Q978,=R978,=S978,=T978,=U978,=V978
"=""thn_""&N979",=O979,=P979,=Q979,=R979,=S979,=T979,=U979,=V979
"=""thn_""&N980",=O980,=P980,=Q980,=R980,=S980,=T980,=U980,=V980
"=""thn_""&N981",=O981,=P981,=Q981,=R981,=S981,=T981,=U981,=V981
"=""thn_""&N982",=O982,=P982,=Q982,=R982,=S982,=T982,=U982,=V982
"=""thn_""&N983",=O983,=P983,=Q983,=R983,=S983,=T983,=U983,=V983
"=""thn_""&N984",=O984,=P984,=Q984,=R984,=S984,=T984,=U984,=V984
"=""thn_""&N985",=O985,=P985,=Q985,=R985,=S985,=T985,=U985,=V985
"=""thn_""&N986",=O986,=P986,=Q986,=R986,=S986,=T986,=U986,=V986
"=""thn_""&N987",=O987,=P987,=Q987,=R987,=S987,=T987,=U987,=V987
"=""thn_""&N988",=O988,=P988,=Q988,=R988,=S988,=T988,=U988,=V988
"=""thn_""&N989",=O989,=P989,=Q989,=R989,=S989,=T989,=U989,=V989
"=""thn_""&N990",=O990,=P990,=Q990,=R990,=S990,=T990,=U990,=V990
"=""thn_""&N991",=O991,=P991,=Q991,=R991,=S991,=T991,=U991,=V991
"=""thn_""&N992",=O992,=P992,=Q992,=R992,=S992,=T992,=U992,=V992
"=""thn_""&N993",=O993,=P993,=Q993,=R993,=S993,=T993,=U993,=V993
"=""thn_""&N994",=O994,=P994,=Q994,=R994,=S994,=T994,=U994,=V994
"=""thn_""&N995",=O995,=P995,=Q995,=R995,=S995,=T995,=U995,=V995
"=""thn_""&N996",=O996,=P996,=Q996,=R996,=S996,=T996,=U996,=V996
"=""thn_""&N997",=O997,=P997,=Q997,=R997,=S997,=T997,=U997,=V997
"=""thn_""&N998",=O998,=P998,=Q998,=R998,=S998,=T998,=U998,=V998
"=""thn_""&N999",=O999,=P999,=Q999,=R999,=S999,=T999,=U999,=V999
"=""thn_""&N1000",=O1000,=P1000,=Q1000,=R1000,=S1000,=T1000,=U1000,=V1000
"=""thn_""&N1001",=O1001,=P1001,=Q1001,=R1001,=S1001,=T1001,=U1001,=V1001
"=""thn_""&N1002",=O1002,=P1002,=Q1002,=R1002,=S1002,=T1002,=U1002,=V1002
"=""thn_""&N1003",=O1003,=P1003,=Q1003,=R1003,=S1003,=T1003,=U1003,=V1003
"=""thn_""&N1004",=O1004,=P1004,=Q1004,=R1004,=S1004,=T1004,=U1004,=V1004
"=""thn_""&N1005",=O1005,=P1005,=Q1005,=R1005,=S1005,=T1005,=U1005,=V1005
"=""thn_""&N1006",=O1006,=P1006,=Q1006,=R1006,=S1006,=T1006,=U1006,=V1006
"=""thn_""&N1007",=O1007,=P1007,=Q1007,=R1007,=S1007,=T1007,=U1007,=V1007
"=""thn_""&N1008",=O1008,=P1008,=Q1008,=R1008,=S1008,=T1008,=U1008,=V1008
"=""thn_""&N1009",=O1009,=P1009,=Q1009,=R1009,=S1009,=T1009,=U1009,=V1009
"=""thn_""&N1010",=O1010,=P1010,=Q1010,=R1010,=S1010,=T1010,=U1010,=V1010
"=""thn_""&N1011",=O1011,=P1011,=Q1011,=R1011,=S1011,=T1011,=U1011,=V1011
"=""thn_""&N1012",=O1012,=P1012,=Q1012,=R1012,=S1012,=T1012,=U1012,=V1012
"=""thn_""&N1013",=O1013,=P1013,=Q1013,=R1013,=S1013,=T1013,=U1013,=V1013
"=""thn_""&N1014",=O1014,=P1014,=Q1014,=R1014,=S1014,=T1014,=U1014,=V1014
"=""thn_""&N1015",=O1015,=P1015,=Q1015,=R1015,=S1015,=T1015,=U1015,=V1015
"=""thn_""&N1016",=O1016,=P1016,=Q1016,=R1016,=S1016,=T1016,=U1016,=V1016
"=""thn_""&N1017",=O1017,=P1017,=Q1017,=R1017,=S1017,=T1017,=U1017,=V1017
"=""thn_""&N1018",=O1018,=P1018,=Q1018,=R1018,=S1018,=T1018,=U1018,=V1018
"=""thn_""&N1019",=O1019,=P1019,=Q1019,=R1019,=S1019,=T1019,=U1019,=V1019
"=""thn_""&N1020",=O1020,=P1020,=Q1020,=R1020,=S1020,=T1020,=U1020,=V1020
"=""thn_""&N1021",=O1021,=P1021,=Q1021,=R1021,=S1021,=T1021,=U1021,=V1021
"=""thn_""&N1022",=O1022,=P1022,=Q1022,=R1022,=S1022,=T1022,=U1022,=V1022
"=""thn_""&N1023",=O1023,=P1023,=Q1023,=R1023,=S1023,=T1023,=U1023,=V1023
"=""thn_""&N1024",=O1024,=P1024,=Q1024,=R1024,=S1024,=T1024,=U1024,=V1024
"=""thn_""&N1025",=O1025,=P1025,=Q1025,=R1025,=S1025,=T1025,=U1025,=V1025
"=""thn_""&N1026",=O1026,=P1026,=Q1026,=R1026,=S1026,=T1026,=U1026,=V1026
"=""thn_""&N1027",=O1027,=P1027,=Q1027,=R1027,=S1027,=T1027,=U1027,=V1027
"=""thn_""&N1028",=O1028,=P1028,=Q1028,=R1028,=S1028,=T1028,=U1028,=V1028
"=""thn_""&N1029",=O1029,=P1029,=Q1029,=R1029,=S1029,=T1029,=U1029,=V1029
"=""thn_""&N1030",=O1030,=P1030,=Q1030,=R1030,=S1030,=T1030,=U1030,=V1030
"=""thn_""&N1031",=O1031,=P1031,=Q1031,=R1031,=S1031,=T1031,=U1031,=V1031
"=""thn_""&N1032",=O1032,=P1032,=Q1032,=R1032,=S1032,=T1032,=U1032,=V1032
"=""thn_""&N1033",=O1033,=P1033,=Q1033,=R1033,=S1033,=T1033,=U1033,=V1033
"=""thn_""&N1034",=O1034,=P1034,=Q1034,=R1034,=S1034,=T1034,=U1034,=V1034
"=""thn_""&N1035",=O1035,=P1035,=Q1035,=R1035,=S1035,=T1035,=U1035,=V1035
"=""thn_""&N1036",=O1036,=P1036,=Q1036,=R1036,=S1036,=T1036,=U1036,=V1036
"=""thn_""&N1037",=O1037,=P1037,=Q1037,=R1037,=S1037,=T1037,=U1037,=V1037
"=""thn_""&N1038",=O1038,=P1038,=Q1038,=R1038,=S1038,=T1038,=U1038,=V1038
"=""thn_""&N1039",=O1039,=P1039,=Q1039,=R1039,=S1039,=T1039,=U1039,=V1039
"=""thn_""&N1040",=O1040,=P1040,=Q1040,=R1040,=S1040,=T1040,=U1040,=V1040
"=""thn_""&N1041",=O1041,=P1041,=Q1041,=R1041,=S1041,=T1041,=U1041,=V1041
"=""thn_""&N1042",=O1042,=P1042,=Q1042,=R1042,=S1042,=T1042,=U1042,=V1042
"=""thn_""&N1043",=O1043,=P1043,=Q1043,=R1043,=S1043,=T1043,=U1043,=V1043
"=""thn_""&N1044",=O1044,=P1044,=Q1044,=R1044,=S1044,=T1044,=U1044,=V1044
"=""thn_""&N1045",=O1045,=P1045,=Q1045,=R1045,=S1045,=T1045,=U1045,=V1045
"=""thn_""&N1046",=O1046,=P1046,=Q1046,=R1046,=S1046,=T1046,=U1046,=V1046
"=""thn_""&N1047",=O1047,=P1047,=Q1047,=R1047,=S1047,=T1047,=U1047,=V1047
"=""thn_""&N1048",=O1048,=P1048,=Q1048,=R1048,=S1048,=T1048,=U1048,=V1048
"=""thn_""&N1049",=O1049,=P1049,=Q1049,=R1049,=S1049,=T1049,=U1049,=V1049
"=""thn_""&N1050",=O1050,=P1050,=Q1050,=R1050,=S1050,=T1050,=U1050,=V1050
"=""thn_""&N1051",=O1051,=P1051,=Q1051,=R1051,=S1051,=T1051,=U1051,=V1051
"=""thn_""&N1052",=O1052,=P1052,=Q1052,=R1052,=S1052,=T1052,=U1052,=V1052
